AIdent,Hours_Worked
184132,66.75
184132,24
184132,35.75
184132,14.25
184132,16
184133,7.5
184135,494.5
184137,777
184139,75
184139,83.47
184141,20.25
184142,40.75
184144,382.83
184147,12.5
184148,6.5
184154,267.5
184154,22.13
184154,687.68
184155,67.96
184155,244.88
184155,392.95
184155,95.69
184155,99.89
184155,203.81
184155,109.04
184156,308.5
184156,83.1
184156,430.51
184157,4.5
184161,743.75
184161,308.5
184163,1206
184166,90
184167,364.75
184168,48.25
184170,132
184170,30
184172,173.75
184173,105.75
184177,0
184180,31.5
184181,39.25
184182,39
184186,28.75
184187,263.5
184188,19.78
184188,17.12
184188,11.5
184192,8
184198,457.25
184198,2.75
184199,60.25
184202,48
184202,159
184202,256
184203,235.31
184203,36.23
184206,6
184211,323.66
184211,321.12
184211,465.5
184212,89.8
184221,17.8
184224,38
184228,57.3
184228,25.9
184229,54.8
184229,24
184230,29.93
184230,28
184230,40
184232,24
184233,16
184234,361.75
184234,100.25
184237,67.7
184237,308.06
184237,40
184237,24.83
184237,7.7
184240,67.7
184240,313.64
184240,24.83
184240,7.7
184241,22
184242,82.6
184245,7.5
184249,28
184249,8.02
184249,7
184249,36
184249,42.8
184257,9.25
184259,192
184259,71
184260,3.5
184262,129
184263,5.5
184263,14
184266,72
184267,39.38
184267,463.75
184267,56
184269,47.1
184269,98.2
184269,85.64
184269,205
184269,54.44
184269,93.02
184269,27.5
184271,56.8
184278,545.6
184278,312.2
184278,20.29
184280,8.58
184285,7.5
184285,52.5
184289,356.25
184289,145.35
184291,7.25
184293,1.5
184294,511.75
184296,72.25
184297,174
184298,8
184299,16
184301,33.75
184302,30.5
184302,31
184305,9
184306,351.25
184308,426.25
184309,50
184309,136.24
184310,13.5
184311,9
184312,123.5
184312,128.75
184312,74
184313,24
184318,32.25
184320,433.73
184321,16.83
184321,7.3
184321,281.14
184321,8.3
184321,95
184323,269.62
184324,7.5
184326,41.5
184326,725.5
184326,538.75
184327,4
184329,30
184329,75
184329,26.5
184330,7.5
184331,7.5
184332,20
184332,22.5
184336,25
184337,63.6
184338,328
184338,63.23
184338,2.5
184338,20.75
184338,19.25
184344,45.32
184344,26.26
184344,48.65
184344,30.5
184344,4
184346,30.5
184346,8
184346,79.25
184346,76
184346,109
184346,10
184353,8
184356,100
184357,27.67
184357,161.75
184358,18.42
184360,30.75
184360,156
184360,13
184363,19.8
184366,177.25
184369,131.29
184369,324.48
184369,12.46
184369,21.5
184371,423
184372,13.5
184373,8
184375,77.75
184376,20.5
184378,80
184379,117.25
184380,221
184380,40
184384,108
184385,160
184386,63.75
184386,4
184399,89
184399,52
184405,52.46
184406,0.75
184406,261
184407,335.5
184407,39.56
184407,23.38
184407,2.5
184407,21
184407,51.25
184408,32
184415,641
184416,215.5
184416,23.97
184416,172.72
184416,270.6
184416,5
184416,103
184421,805.75
184425,25.05
184425,19.9
184427,24
184428,28.65
184429,20
184429,308.51
184429,8.2
184429,3.23
184429,376.92
184429,80.14
184429,89.47
184429,299.58
184430,82.01
184430,133
184431,78.67
184432,31.1
184432,244.47
184432,283.16
184432,35.63
184432,0.2
184432,64.6
184432,99.03
184432,159.91
184435,8
184437,8
184439,7.25
184440,23.75
184446,7.75
184449,621.25
184451,4
184451,113
184452,495.25
184456,6.5
184460,6.75
184462,35
184467,220.6
184471,1.75
184472,30
184474,8
184476,58.25
184477,58.25
184484,87.15
184486,679.45
184488,77.75
184488,45.63
184488,121.42
184495,39.9
184506,70.5
184508,376.75
184510,4
184510,719
184512,22
184517,636
184518,100.5
184518,142.75
184519,205.25
184521,4.5
184521,10.75
184523,0.5
184526,19
184528,24
184528,73.4
184529,101.5
184530,8
184532,38
184535,24
184538,230.5
184538,64.07
184538,39.89
184538,72.21
184538,276.13
184538,357.43
184543,288.3
184547,56
184550,147.5
184550,452.5
184550,45
184554,267.25
184554,99.5
184554,11.37
184554,34.1
184558,39
184559,326.5
184559,111.8
184559,7.5
184560,13.5
184563,8
184564,3
184564,761.75
184567,5
184567,1032.5
184571,19.3
184572,7.5
184576,35.75
184580,30
184581,12.48
184581,7.32
184581,98.1
184582,13.1
184582,7.32
184582,160
184582,13.2
184586,189
184587,356.75
184588,8
184588,243.83
184589,704
184590,17.75
184591,72
184592,860.69
184594,84.75
184603,97
184606,10
184606,20
184607,10
184607,15.5
184607,41.75
184611,17.75
184614,176
184614,294
184615,36.73
184615,81.52
184615,91.39
184616,3.75
184617,25.5
184617,41
184623,8.75
184623,8
184631,544.25
184633,12
184635,12
184635,0
184635,1.25
184637,12
184637,10
184637,198.25
184639,40
184640,355.5
184640,48
184640,513.25
184641,550.5
184641,667.25
184643,30
184644,47
184645,539.25
184645,16
184646,545
184646,663
184649,46.25
184649,518.5
184650,188
184650,157.57
184653,2
184654,18.5
184654,185.75
184660,489.25
184661,64
184664,585.9
184666,15.2
184670,105
184671,32
184671,46
184673,8
184676,24
184676,35.5
184676,188.5
184678,28.75
184678,78.64
184679,4
184681,22.5
184682,39.5
184691,6
184693,983.75
184693,40
184694,7.75
184701,23.92
184702,101
184702,93.5
184702,5.68
184704,346.19
184704,470.84
184704,407.72
184709,183.75
184709,71.25
184709,835
184712,6
184716,788.75
184717,3
184717,92.25
184719,40.75
184719,247.24
184719,435.41
184719,172.25
184723,39.5
184723,129.5
184723,36.25
184725,54.13
184727,49.5
184728,49.58
184728,30.12
184728,51.53
184728,271.81
184728,148.5
184730,464.1
184731,209.33
184732,58.5
184733,251
184734,326.76
184737,14.75
184738,8
184739,20
184740,298.63
184740,646.56
184741,15
184742,8
184744,124.5
184745,32
184745,44.81
184755,3.5
184756,169.25
184756,11.2
184767,368
184768,8
184768,258.25
184768,24
184768,13.25
184769,6
184770,6
184774,75
184774,56
184776,80
184776,7.5
184776,173
184777,16
184779,61.26
184784,287
184788,32
184792,48
184792,24.87
184793,7
184793,12.25
184794,197
184805,15
184805,230.9
184806,144.5
184807,15
184807,230.9
184808,5.2
184809,105
184809,36.25
184810,384.5
184817,32
184823,16
184824,45
184825,82
184827,45.75
184832,91.75
184834,27.95
184835,292.25
184835,11
184836,218
184837,6.33
184841,21.83
184843,16.68
184845,1140
184846,4
184847,23.65
184859,752
184859,352
184860,399.59
184860,286.13
184860,63.32
184861,137.5
184862,133.5
184862,1035.5
184866,32
184866,126.33
184867,22.92
184870,281.13
184870,300.94
184870,79.27
184870,63.47
184870,20.35
184870,237.69
184871,331.1
184871,22.5
184872,2
184872,3
184873,76.22
184874,22.5
184875,82.2
184877,59
184878,10
184879,13.75
184881,96.5
184882,302.44
184885,24.56
184889,8
184893,19.97
184893,84.82
184893,132.25
184895,46
184895,47.44
184896,23
184896,84.7
184898,71.92
184899,56
184899,88
184901,885
184903,906.5
184904,56
184904,376
184905,7.5
184905,104.42
184905,152.22
184905,176.1
184905,5.75
184905,2.23
184906,63
184907,52.75
184908,12
184908,14.5
184911,21.25
184912,21.25
184913,21.25
184914,55.49
184914,108
184914,8
184914,0
184914,20.67
184914,12.95
184914,8
184916,284.44
184917,97.5
184918,179.39
184926,132.5
184926,383.75
184929,5
184934,120.63
184934,2.25
184938,7.6
184938,286.71
184938,391.86
184938,71.49
184938,91.05
184938,239.15
184939,428.11
184939,283.23
184941,21.49
184941,21.12
184941,127.29
184944,726.25
184948,8
184948,144.75
184948,254.25
184950,163.64
184951,39
184952,88.86
184953,21.5
184953,696
184953,8
184953,252.25
184953,41.75
184953,18
184953,5.75
184954,4.5
184955,6
184955,27.5
184957,31.5
184958,469.5
184958,508
184960,7.5
184961,440.75
184961,458.5
184962,118.25
184963,7.5
184964,7.5
184967,758.25
184967,337
184968,1.25
184968,138.45
184968,226
184968,2.25
184971,38.5
184971,197
184972,14.57
184973,32.75
184973,151.75
184975,381
184975,564.25
184976,523.25
184976,440.5
184977,8
184977,44
184978,1064.5
184981,294.5
184981,621.75
184982,189.75
184983,74.25
184985,192
184986,446.25
184986,581
184987,49.25
184988,15
184990,38.5
184990,102.31
184994,79
184996,7.5
184996,52.5
184996,82.5
184997,53.25
184998,497.25
184998,555.25
184999,133.5
184999,31.81
184999,8
185000,364.5
185001,61.75
185002,104.75
185007,26.5
185008,145
185009,12.5
185011,3.25
185011,3
185014,111.9
185015,111.4
185016,134
185018,542.5
185024,104
185025,4.5
185026,90
185029,138
185030,4
185030,238.25
185032,7.5
185034,7.5
185035,7.5
185036,8.5
185037,27.13
185038,58.45
185040,126.82
185041,200
185044,31.48
185049,9
185052,37.75
185052,16.25
185053,14
185053,61.75
185054,64
185057,957.7
185061,4.5
185064,69
185064,5.5
185065,15
185069,261.25
185070,16.25
185073,7.5
185073,7.5
185079,53.5
185079,209.25
185080,23.75
185080,391.25
185081,94.5
185082,41
185082,203.5
185082,125
185082,1.5
185082,7.75
185083,61.25
185084,20.75
185087,1.5
185090,48
185090,44.25
185090,37.75
185090,163
185090,721.75
185092,32
185093,3.25
185095,54.15
185096,120.5
185096,0
185096,150.53
185096,40.5
185096,180.15
185097,35
185099,5.62
185100,5.62
185101,28
185102,8
185102,34
185106,64.75
185107,125.5
185108,59.95
185109,20
185118,24
185118,128.75
185118,154
185120,4.5
185122,29.51
185126,0
185126,0
185126,1
185126,131.06
185126,18.91
185126,64
185126,28.75
185126,41
185126,38.25
185126,45.75
185126,12.5
185126,78.33
185127,38.63
185129,52.5
185130,26.5
185130,22.5
185130,17.15
185130,89.22
185131,79
185134,161.16
185134,44.2
185152,203.5
185152,183
185152,56
185156,45
185156,24
185157,9.5
185164,16
185164,31.15
185164,10.5
185164,276.98
185164,300
185165,36
185168,164.95
185169,7.8
185172,92.4
185172,141.87
185172,59.29
185175,141.33
185175,30.5
185177,74.1
185179,71.75
185180,24
185182,308
185185,4
185187,11.75
185188,0
185188,0
185188,1.25
185188,13.02
185192,37.3
185194,24
185194,68
185195,4
185196,4
185197,26.25
185200,8
185203,31
185203,153.25
185203,5.45
185204,339
185204,657.75
185205,20
185206,8.83
185208,8
185209,3.25
185209,40
185210,26.87
185210,420.75
185210,6.4
185210,28.02
185219,40
185219,1000
185223,13.9
185227,15
185233,37.5
185234,110.5
185238,49
185242,67.3
185242,758
185244,30
185244,176.9
185244,64
185244,40.5
185246,1025.58
185247,258.39
185252,88
185253,112.23
185253,68
185253,100
185255,12.88
185256,12.87
185257,12.87
185258,40
185260,119.37
185261,90.5
185261,68.9
185261,28
185261,27.75
185269,117.75
185269,41.02
185270,7.5
185271,662
185271,311.5
185272,7.5
185273,53
185273,3.5
185275,136.75
185275,498
185276,5
185278,8.08
185279,55.5
185279,5
185280,445.5
185280,310.25
185281,165.25
185282,73
185283,92.5
185283,208.75
185283,296.25
185284,30.25
185285,426
185285,513.5
185286,416
185286,519
185289,105.59
185290,39.5
185290,32
185290,33.5
185290,19.5
185292,15.25
185296,198
185296,158
185298,5
185299,5
185304,16.34
185305,155
185306,8.08
185307,39
185308,622.2
185308,139.2
185308,291.8
185309,10
185310,56.75
185313,7.9
185316,3
185317,10.39
185321,1
185324,195.25
185324,19.43
185324,35.87
185324,5.57
185325,8
185325,8.5
185325,13.46
185325,24
185327,42.2
185329,22.5
185330,10
185334,1
185335,37.5
185339,49.33
185341,558.25
185341,279.24
185343,46.75
185343,7.5
185343,68.1
185344,46.5
185344,7.5
185344,69.7
185344,20.75
185348,772
185351,27.85
185352,7.5
185362,27.93
185363,6.75
185363,98.3
185366,707.03
185367,709.75
185369,298.8
185371,8
185373,49.75
185374,77.6
185376,55
185376,65
185377,25.25
185377,255
185377,55.25
185377,451
185379,53.7
185380,335.85
185380,196.04
185384,80
185384,923
185388,34.25
185388,127.75
185388,152
185388,36
185388,260
185391,55.75
185391,8
185391,48.01
185393,1047
185395,307.32
185395,206.5
185395,9.93
185396,17.25
185397,265
185397,67.5
185397,24.5
185399,59.5
185399,103.75
185400,32
185400,93
185404,52.18
185404,29.52
185404,8.23
185405,56.25
185405,70
185407,528
185410,29.75
185414,439
185415,105
185415,41.2
185415,119.5
185415,68
185417,5
185417,854
185422,13
185424,897.4
185427,5
185428,24
185429,18
185431,32
185433,18.55
185434,20.64
185435,40
185435,50
185435,1149
185436,161.66
185436,71.75
185437,8
185440,8
185441,80
185443,234.25
185443,21.71
185443,50.51
185443,43
185443,113.72
185445,12.85
185452,104
185452,215
185453,14.34
185453,15.75
185455,96.87
185463,16.82
185463,66.47
185464,57.8
185466,1104.75
185467,990
185470,985.5
185471,5
185475,11.25
185491,0
185491,1.25
185491,38
185491,30.75
185494,22.48
185494,346.46
185494,99.01
185495,60.83
185499,12
185499,26.3
185499,69.26
185499,9.5
185500,11.5
185500,17.5
185501,14.83
185503,615.05
185504,158
185508,0
185508,0
185508,1.25
185508,17.23
185510,244.9
185511,332.4
185517,7.4
185520,8
185523,40
185523,64
185523,10.25
185528,92.02
185528,279.55
185528,8
185528,3.75
185533,773.5
185533,48
185533,96
185541,654.49
185546,10.75
185551,208.24
185551,461.5
185552,93.25
185561,1000
185565,14.93
185567,73.6
185567,6.5
185573,32
185573,7.5
185575,32
185576,32
185576,22.5
185577,368.25
185578,8
185580,380.99
185580,198.64
185581,5.52
185582,32
185583,13.5
185587,104
185589,0
185589,1.25
185591,7.5
185591,40.16
185594,41.5
185597,208.98
185602,48
185602,64
185604,102.5
185605,16
185605,64.25
185606,16
185606,32
185606,16
185608,16
185608,32
185608,336.5
185609,0
185610,774.75
185611,925.6
185611,139
185612,471.5
185612,522.5
185613,11.5
185614,79.25
185614,19
185615,0
185615,0
185615,1.25
185615,7.63
185616,20.98
185616,6.87
185623,723.67
185627,20
185636,94.5
185638,7.5
185641,154.16
185641,255.9
185641,165.11
185642,12.75
185643,298.31
185643,134.49
185646,19.56
185647,91.4
185649,39.01
185649,5.3
185650,361.29
185650,191.61
185651,25.6
185652,3.5
185652,7.25
185653,40
185656,32.24
185657,270.36
185662,7.5
185663,7.5
185665,237.42
185665,182.26
185665,40.88
185666,23.33
185667,12.9
185667,78.82
185667,6.4
185668,22
185674,24
185674,921
185676,385.95
185676,327.46
185680,406.7
185681,2.25
185682,183.94
185684,95.97
185689,5
185690,5
185691,235.68
185691,678.25
185693,49.36
185694,253.5
185695,76
185696,268.75
185700,8
185701,8
185703,2
185707,262.75
185708,600.53
185709,20.21
185710,57.65
185713,101
185716,267.6
185718,51.75
185718,8
185719,24
185719,2
185722,817.3
185723,39.5
185723,39.2
185723,38.16
185723,49.36
185723,204.58
185724,51.81
185724,8
185724,58.75
185724,76.03
185725,115.18
185726,64
185727,495.5
185729,16
185730,8
185730,89.5
185733,8
185733,87.5
185737,40.6
185738,269.69
185738,159.4
185739,41.25
185739,18
185745,328.25
185747,112.25
185747,125.25
185749,40
185756,40.3
185756,23.77
185756,10.19
185758,48.25
185758,8
185758,15
185758,7.97
185759,5.25
185760,26.75
185761,24
185765,22.75
185766,6
185767,64.13
185767,8
185769,7.5
185770,149
185771,3.5
185771,15
185778,524.75
185778,69.75
185779,155.75
185779,129.75
185783,305.43
185783,142.19
185787,43.16
185788,16.78
185788,68.37
185788,54.46
185791,73.62
185792,44.9
185794,17.5
185794,8.3
185794,12.36
185794,7.5
185794,3.5
185795,93.3
185798,19.25
185799,106.2
185803,9.43
185804,80.02
185804,26.13
185805,24
185807,12.75
185809,49.37
185809,35.97
185809,46.05
185809,231.48
185809,84.32
185809,47.2
185810,43.07
185811,64.24
185811,15
185812,10
185812,19.76
185819,28.52
185819,11.47
185827,2.34
185828,6.05
185830,769
185831,57
185831,107.92
185832,320.4
185832,305.63
185832,392.89
185833,224.85
185833,298.84
185834,436.58
185835,960
185839,79.82
185840,70.07
185840,0
185840,43
185840,70.59
185841,4.5
185841,96
185841,74
185842,138.3
185842,437.92
185842,179.4
185843,166.25
185845,166.75
185846,329.43
185847,360.5
185847,293.75
185848,346.5
185848,231.5
185849,64
185849,46.2
185849,6.1
185849,36
185850,8
185851,135.5
185852,181.75
185852,501.25
185852,113.25
185855,216
185857,100.5
185858,29.9
185858,7.5
185859,372
185859,447
185860,891.18
185863,24
185864,402.75
185864,32
185865,27
185867,9
185868,255.25
185868,357
185869,48
185870,49
185872,14.37
185874,57.08
185874,56.56
185874,61.23
185875,152.2
185875,73.9
185875,674.1
185876,247.17
185876,329.08
185876,115.18
185876,74.91
185876,113.5
185877,39.75
185878,39.5
185882,20.2
185888,5
185890,24
185895,120
185895,751
185900,15.93
185904,141.58
185908,28.78
185915,47.38
185917,8
185919,24
185921,16.8
185922,97.97
185922,10.1
185923,88.44
185924,378.75
185931,693.14
185932,13
185933,185.75
185933,51.25
185933,284.62
185934,54.2
185934,431.66
185934,76.75
185934,2.6
185935,307.31
185935,198.46
185935,30.08
185937,40
185937,244.07
185939,633.8
185939,56
185945,47.7
185945,20.2
185950,7
185950,18.33
185951,2.2
185953,120
185953,759
185954,840
185960,271.51
185960,135.07
185962,259.25
185962,104.84
185963,8
185963,24
185966,94
185966,373.25
185967,9
185969,276.5
185969,65.75
185969,30
185970,13.75
185972,4
185973,19
185973,24.55
185974,173.1
185974,29.8
185974,24
185974,184.01
185975,16
185976,30
185976,7.5
185985,12.25
185985,3.5
185985,15.25
185986,936
185990,25
185997,438
186002,23.5
186003,16
186004,10
186005,1098
186005,108
186006,673.42
186007,772.5
186008,725.75
186016,567.63
186016,73.08
186018,14.5
186018,197.55
186018,40.11
186019,14.05
186020,27.93
186024,59.75
186024,91
186026,10.35
186028,49.98
186032,71
186032,64.17
186033,5.5
186033,877
186040,40.25
186040,4.02
186040,5.75
186041,48.25
186041,4.03
186041,24
186046,266
186047,35.22
186055,110.43
186059,139.59
186061,10
186063,240.75
186065,6.5
186067,46.75
186067,345.14
186067,75.44
186067,83.32
186067,75.7
186067,56.5
186067,13
186074,32
186074,167
186074,16.25
186074,8
186074,56.5
186074,174.45
186075,20.5
186076,400.29
186077,154.7
186078,300.75
186079,8
186080,8
186080,24
186081,618.5
186083,48
186083,16
186085,153
186086,32
186087,548.75
186089,48
186089,16
186097,8
186098,12.73
186100,237.73
186100,16
186101,100.12
186104,48.25
186105,48.25
186105,18.5
186105,47.22
186106,53.65
186106,16
186107,39.74
186117,150.25
186118,6
186118,57.18
186118,147.2
186119,6
186119,21.82
186121,235.82
186121,376.41
186123,164
186124,464.5
186124,46.63
186131,37.3
186131,12
186131,74.25
186135,8
186135,28.51
186135,0.78
186135,11.25
186137,82.25
186137,31.46
186137,68.5
186137,18.66
186138,82.5
186138,31.09
186138,207
186138,18.66
186141,6.85
186141,31.16
186143,265.64
186143,79.65
186148,70
186148,82.06
186149,16
186151,65.42
186153,1
186153,40
186153,44.15
186153,88.5
186156,16
186156,144.25
186156,240.25
186156,162.25
186161,882
186165,32
186166,69.23
186167,16
186169,100.17
186169,136.87
186169,41.75
186172,39
186173,164.82
186173,415.35
186173,224.65
186179,219.5
186180,15
186183,849.2
186184,302
186188,32
186189,312.25
186189,646.75
186192,10
186192,376
186193,655.25
186204,588.5
186211,4
186211,629
186216,58.75
186216,6.25
186216,13.25
186216,10.25
186222,31.25
186222,45.5
186226,8
186226,67.25
186226,48.75
186226,139.79
186226,15.01
186226,56.83
186227,187.42
186227,98.52
186228,39
186231,105.3
186232,44.5
186234,65.22
186235,1
186238,31.5
186238,1.5
186240,134.84
186240,357.24
186240,267.38
186242,62
186242,23.95
186242,179.31
186242,230.3
186242,5
186242,41.75
186243,327.5
186246,164
186246,104
186246,617
186247,298.75
186247,112.5
186249,41.75
186249,9.25
186253,22
186253,8
186257,47.92
186257,200.25
186257,354.25
186258,233.25
186258,36.42
186259,282.5
186259,39.09
186262,7.5
186262,122.88
186262,22.7
186263,576
186263,360
186264,35.75
186265,45
186267,15.6
186267,8.5
186267,70
186269,7
186274,640.4
186275,349.83
186278,40
186281,116.1
186281,174.72
186281,19.5
186281,228.2
186281,57.53
186284,1.5
186286,109.92
186287,7
186289,3.5
186292,244.94
186292,50.05
186293,723.25
186293,307
186294,28
186294,27.75
186296,96.5
186297,109.25
186297,17.75
186311,60
186313,8
186313,18.75
186314,5.3
186315,552.75
186317,132.5
186318,11.5
186319,52.5
186324,159.92
186326,40
186328,234.47
186328,204.71
186328,19.05
186328,87.93
186333,8
186333,18.75
186334,24
186336,5.08
186341,654.75
186341,45
186342,8
186344,128
186348,26
186348,160
186349,747.5
186352,292.2
186352,443.02
186353,289.4
186353,441.86
186356,64
186360,88.25
186362,112
186364,112.4
186364,80.35
186364,210.4
186364,42.3
186364,105.5
186366,306
186368,24.25
186368,162
186369,10.73
186370,8
186371,79.75
186377,63.36
186377,6.03
186377,250.18
186382,19
186382,37.5
186383,97.5
186388,30.38
186389,70.36
186389,420.38
186389,92.6
186389,32.72
186389,12.87
186391,3.5
186392,31.85
186393,303
186393,8
186395,57.38
186396,45.5
186397,26.46
186399,352.74
186399,340.56
186402,24.65
186403,24.6
186405,722.5
186406,124.7
186406,436.23
186406,132.75
186407,178.75
186407,67.75
186407,0
186407,244.75
186410,463.4
186413,522.75
186414,424.6
186415,47.21
186415,15.8
186415,7.75
186416,32
186416,29.38
186416,47.83
186416,109.14
186417,1
186417,6.5
186417,7
186418,95.75
186422,766.5
186424,49.2
186424,7.5
186425,34
186425,18.88
186430,32.07
186430,23
186431,31.93
186431,24
186431,3.8
186435,565.8
186444,104
186446,186.54
186446,213.31
186446,21.85
186446,81.82
186448,29.5
186455,12.75
186457,584
186457,280
186460,71.75
186461,62.18
186467,80.09
186468,191.75
186468,227.54
186468,45.47
186471,32
186471,32
186475,63
186478,160
186478,649
186482,256
186482,2.75
186484,77.15
186485,39.71
186487,81.65
186488,24.25
186490,37.57
186491,34.98
186491,2
186495,9.5
186497,8.5
186503,54.93
186503,11.7
186503,8
186503,199.5
186504,9.75
186507,8
186510,68
186511,174.55
186511,112.75
186512,306.91
186512,46
186512,127.33
186512,7.5
186513,118.36
186513,31.5
186513,15.5
186516,247.5
186516,22.5
186517,69.7
186521,7.75
186521,273.25
186522,21.5
186523,15.75
186530,8
186535,558.5
186536,113.07
186536,410.65
186536,319.65
186539,70.9
186541,8.5
186542,28.86
186545,252.43
186545,243.97
186545,299.07
186547,37.5
186547,10.34
186548,211.22
186548,17.9
186551,37.5
186553,39
186555,24
186556,162.54
186556,214.34
186556,57.1
186557,235.71
186557,259.42
186557,104.92
186558,91.25
186560,91
186562,10.5
186564,1
186568,229.25
186576,24
186576,16.25
186576,113.55
186576,10
186577,67
186577,18.32
186577,17.51
186577,46.25
186577,2.25
186578,8.25
186580,10
186581,232.06
186581,308.04
186581,46.05
186584,14.73
186584,38.6
186585,210
186589,558.35
186591,599.5
186592,8
186594,55.5
186597,166.75
186598,834.97
186600,446.5
186601,233.39
186601,294.01
186605,302.25
186605,313.5
186608,415
186611,10.23
186612,896.75
186615,2.75
186617,8
186618,929.75
186619,200.97
186619,172.27
186623,8
186624,193
186624,310.5
186626,649.25
186631,4.98
186632,8.25
186633,8.25
186633,60.77
186634,24
186635,24
186636,823
186638,882.75
186639,307.5
186641,407.5
186643,80.91
186643,369.3
186643,302.74
186645,31.82
186647,8
186651,134.17
186651,214.75
186651,406.89
186653,11
186657,53.48
186660,19
186660,16.63
186663,595.75
186664,4.15
186676,56
186676,13.99
186676,12
186676,5
186677,600
186677,320
186680,71.75
186684,14
186686,79.1
186686,160.6
186687,15
186697,856.75
186699,27
186700,241
186702,871
186703,111.2
186703,24.7
186705,100.75
186708,2.25
186710,11
186715,783.75
186717,39.75
186719,124.25
186720,922.75
186722,80.69
186722,426.26
186722,336.73
186725,46.5
186725,89.75
186728,72.2
186728,124.03
186728,28.7
186731,162.75
186731,40
186731,204
186734,132.55
186734,165.58
186734,250.48
186735,11
186736,38
186737,272.5
186737,563.75
186738,7.5
186738,12.47
186739,123.65
186739,165.57
186739,254.63
186740,265.5
186740,638.25
186741,125.25
186741,42.28
186741,16
186741,224.5
186741,193.65
186742,257.25
186742,556.75
186744,132.75
186744,228.75
186745,75.5
186745,204.25
186746,45.5
186750,267
186750,525
186751,357
186751,107
186752,127
186752,357.75
186753,82.5
186753,472.75
186761,16
186761,144.4
186764,127.35
186764,302.83
186764,381.21
186768,13
186770,6
186771,74
186776,16
186776,15
186776,262.17
186777,263
186777,86.99
186778,419.63
186778,241.2
186779,766.5
186782,669.75
186783,215.8
186784,225
186785,8
186786,16
186786,10.43
186786,7.75
186788,80.59
186788,198.64
186790,45.9
186793,44.23
186794,73.1
186794,125
186796,110
186797,19.7
186809,49.2
186811,436.25
186812,5.25
186812,8.5
186816,182.02
186816,6.27
186817,785.6
186820,182.2
186820,156.2
186820,49.75
186820,89.75
186825,117.5
186825,59.5
186829,8.75
186830,24
186830,173.5
186839,23.9
186839,6.6
186845,21
186845,40
186846,130.5
186856,73.73
186857,5.5
186859,9.5
186859,54.92
186859,12.5
186860,9.5
186860,27.78
186861,16
186861,63
186863,53
186863,40
186865,99
186866,8
186866,160
186866,24.75
186866,287.5
186866,307
186867,172.5
186867,98
186876,7.5
186878,10.23
186880,266.2
186882,7
186885,37.18
186887,125.15
186888,203.24
186888,99.79
186890,35.5
186890,9
186890,28.75
186892,5.75
186894,29.25
186894,35.25
186907,12.08
186907,12.92
186910,112
186910,352
186911,864
186914,22.25
186917,178.55
186917,40.75
186917,169.25
186918,7
186921,20
186921,53.2
186921,140.88
186921,39.75
186922,48.23
186922,16
186923,22.5
186925,698.5
186926,10.75
186928,8
186929,44.96
186930,96.51
186930,220.6
186930,328.26
186932,63.5
186934,4.83
186935,96
186935,116.25
186935,1
186935,133.39
186936,160.53
186937,54.98
186938,67
186939,8
186943,46.97
186943,109.71
186945,36
186946,40.83
186946,194.85
186948,188.67
186948,120.5
186949,67
186949,150
186949,272
186950,23.51
186950,31.72
186950,67.25
186950,51.75
186951,833.75
186952,5
186954,64.47
186954,429.44
186954,316.43
186957,120
186959,427.5
186961,44.3
186962,44.32
186963,4
186963,1131
186966,76.5
186966,1.5
186968,3
186968,259
186969,87
186971,94
186973,30
186974,146.5
186977,64.3
186977,153.23
186978,30
186979,64.13
186979,160.9
186980,4
186981,3.42
186982,20.3
186982,23.75
186986,9.5
186986,58.47
186986,13.4
186986,20.5
186991,4
186993,4
186994,5.25
186995,5.25
186996,8
186996,41.5
186996,37
186996,15.98
186997,44.25
186997,40
186997,60
186997,10
186998,32
187001,26.2
187004,145.14
187006,24.5
187006,7.25
187007,529.75
187009,8
187009,202.53
187009,27.94
187011,200.01
187011,289.59
187011,304.55
187012,652.5
187014,5.23
187018,9.5
187019,5.98
187020,11.98
187021,55.25
187022,53.25
187025,227
187025,110.37
187025,231.29
187027,1
187028,1
187029,48.13
187029,199.85
187030,13.5
187031,15.75
187031,17.48
187031,8
187031,9
187036,18.63
187036,63.68
187038,120
187040,95.89
187040,8
187040,9.28
187041,16.07
187042,16.03
187045,198.41
187045,17.5
187045,43.4
187049,524.62
187052,8.2
187052,10.07
187054,4
187057,8
187058,20.76
187058,0
187058,4
187058,8
187060,8
187061,8
187064,24
187068,293.75
187069,48
187075,16
187076,4
187076,127.08
187076,217.5
187077,107
187078,172.05
187080,193.5
187081,1.5
187085,914
187086,63.1
187086,47.5
187086,25.5
187090,149.75
187092,11.25
187092,66.5
187094,168.11
187094,140.69
187095,193.75
187095,376.27
187100,16.5
187102,15.7
187102,17.46
187102,18.8
187103,14
187107,201.02
187107,291.41
187107,272.46
187108,77.6
187110,16
187110,16
187112,4
187124,13.5
187124,54.25
187134,6.5
187137,20.25
187137,680.25
187139,29.75
187139,155.25
187139,19
187141,200.7
187141,188.75
187142,12.75
187142,225.75
187147,411.3
187150,143.75
187152,452.75
187152,171.25
187154,8
187155,37
187158,4.5
187159,428.45
187159,363.6
187161,11.5
187161,27.5
187163,9
187164,205.29
187165,413.95
187169,17.98
187171,102
187171,107.75
187172,10
187172,28.75
187173,8
187174,89.6
187179,41
187180,84.75
187180,458.5
187183,838
187185,32.5
187186,15.83
187187,21.99
187188,8.88
187191,118.1
187192,64
187192,161.01
187193,56.55
187193,395.41
187193,263.52
187196,413.72
187199,31.6
187199,7.47
207209,836
207210,193.9
207210,304.14
207210,369.38
207211,415.28
207211,160
207212,84.73
207212,314.64
207214,81
207215,118.37
207218,8
207221,60.96
207221,47.99
207221,21.32
207221,116.03
207222,35.2
207223,92.75
207225,5
207231,69.25
207231,151.75
207232,7.91
207234,35.15
207241,5
207241,144.5
207241,171.5
207242,261.67
207248,69.9
207249,747.73
207250,161.42
207251,361
207251,127.4
207259,7.4
207261,422.25
207261,106.5
207262,23
207263,23
207263,24
207265,74.58
207265,654.8
207271,808
207272,48
207272,29.11
207273,4.5
207279,94
207281,57.09
207284,48
207286,24.9
207287,10
207290,57.08
207290,3
207290,5.5
207291,17
207292,16.96
207293,374.25
207295,48
207296,32
207303,5.25
207305,177.17
207305,254.36
207305,256.91
207308,211.75
207308,604
207309,146.5
207309,237.25
207309,113.75
207309,121
207312,16.25
207314,555
207317,63.98
207318,32.75
207318,8
207318,9.5
207318,198
207318,11
207319,544.75
207321,16.8
207321,7.92
207322,17.82
207323,61.94
207324,61.92
207325,31.5
207325,196.75
207327,14
207327,24
207330,4
207330,210
207330,117.25
207335,12.53
207339,38
207344,40.75
207344,776
207344,10
207346,8
207349,20.71
207349,8
207349,5.62
207351,183.25
207358,6
207358,22
207359,16
207363,75
207363,86.5
207364,852.5
207366,19.62
207366,745.42
207368,47.25
207368,15.83
207368,206.5
207369,10
207370,26.25
207370,15.85
207371,212.97
207372,37.5
207372,73.19
207372,9.33
207375,254
207383,149.25
207383,465.75
207385,119.5
207385,369
207386,42
207387,33.92
207388,34.13
207389,139
207391,608.25
207392,21
207392,255.5
207393,18
207393,323.25
207394,61.5
207396,30
207396,389.9
207397,19.5
207397,7.5
207399,19.52
207400,1.5
207401,8.95
207401,20.65
207401,433.78
207401,198.12
207401,75.27
207401,45.88
207401,186.1
207402,139
207406,635.75
207411,285
207412,53.5
207412,279
207414,24
207415,264
207418,60
207419,186
207419,36.47
207420,705.5
207424,130.38
207424,54.77
207425,48.95
207425,32.33
207425,65.93
207425,72.3
207428,15.5
207428,9
207430,37
207430,259.36
207430,139.79
207433,10.05
207433,323.5
207433,119
207434,36
207436,247.75
207438,411.5
207439,26.92
207442,103.75
207449,103
207449,2
207449,15.5
207456,582.68
207457,794
207461,16.25
207464,797.25
207465,332.75
207466,132.03
207468,30
207469,1.5
207470,1.5
207474,45
207477,4.5
207478,27
207478,602.5
207478,119.5
207478,18.5
207479,517.5
207480,49
207480,315
207481,16
207481,26
207481,65.25
207488,60.8
207488,81.4
207488,15
207488,440.05
207489,40
207489,57.9
207489,9.5
207493,59.25
207495,6.5
207495,74.75
207495,48.5
207496,24.25
207497,168.25
207498,13.02
207499,99.77
207501,6
207502,1.5
207502,361.98
207505,8
207509,3.3
207510,577
207510,192
207518,40.23
207518,12.3
207518,45.5
207518,341.5
207519,40.1
207519,54
207519,43.11
207519,24.3
207519,253.97
207520,381.41
207523,59.6
207523,41.57
207523,66.74
207523,282
207523,109.82
207524,18.5
207524,32
207526,16
207527,30
207527,9.5
207527,40.5
207527,50.25
207527,8.5
207529,16
207530,7
207532,6
207536,45.08
207536,156.4
207543,5.12
207543,5.5
207543,9
207547,30
207554,282
207558,172
207559,172
207561,551.38
207562,10.2
207562,116
207562,9.5
207562,10
207566,39.5
207566,46.12
207566,43.43
207566,269.46
207566,411.97
207568,7.5
207568,41
207569,42.37
207569,255.63
207569,79.22
207570,42.39
207570,256.08
207570,79.27
207571,44.95
207571,243.76
207571,306.71
207572,7.5
207573,15.5
207573,9
207576,20.01
207577,792
207582,39.57
207582,53.16
207582,48.53
207582,222.83
207583,37.11
207583,26.78
207583,24.3
207583,62.25
207583,4.5
207584,11.25
207585,11.25
207589,38.25
207589,31.25
207593,478.75
207596,39.46
207596,40.82
207596,8.2
207596,34.75
207597,16
207597,117.5
207598,22.47
207598,70.24
207599,32.3
207600,435
207600,65.75
207601,375.75
207605,105.5
207610,178.25
207611,158.96
207614,112.13
207615,9
207616,322
207617,39.52
207617,49.94
207617,8.97
207622,19
207623,339.25
207624,133
207624,39
207630,39.53
207630,22.45
207630,8
207631,39.45
207631,22.28
207631,21.49
207631,100.66
207632,22.2
207634,8
207634,18.5
207635,42.5
207635,89.25
207635,24.75
207636,900.8
207637,151.79
207637,193.43
207637,84.85
207637,73.31
207637,158.94
207637,88.7
207638,26.5
207643,39.5
207643,21.78
207643,25.71
207643,62.39
207646,12.25
207648,759.5
207649,22.5
207650,60
207652,444.25
207654,288.32
207656,134.16
207656,43.05
207656,11.18
207657,416.3
207658,1.25
207665,247.75
207667,181
207668,806
207669,149.5
207669,270.8
207670,22.75
207673,1065.5
207675,179.08
207676,2.56
207677,2.56
207679,588.25
207680,818
207681,25.85
207681,15.93
207681,15.12
207683,40
207683,145.1
207684,207.81
207688,484
207689,7
207690,63.3
207692,39.64
207692,43.08
207692,12.73
207695,16
207695,48
207696,7.15
207698,586.33
207699,328.16
207701,24
207708,131.25
207711,11.48
207712,425.26
207712,172.5
207713,55.75
207713,4.4
207714,2
207719,30
207719,95
207725,437.65
207737,96.75
207737,611
207740,24.53
207740,23.35
207741,4.25
207742,63.25
207746,55.75
207746,337
207747,73.66
207748,8
207749,9.5
207750,4.5
207751,59
207752,35.5
207753,55.75
207753,31.75
207753,105.25
207755,8
207756,8
207758,33.17
207758,53.88
207758,23.8
207759,10
207760,30.72
207760,43.32
207760,178.53
207763,89.68
207763,230.9
207763,119.65
207764,129.38
207764,174.18
207764,184.5
207769,32.94
207769,53.37
207769,264.28
207771,13.3
207771,12.21
207773,23.5
207775,16
207780,35.5
207781,54.5
207783,5
207785,39.7
207786,21.65
207786,79.75
207787,59.5
207787,2.25
207787,184.25
207787,101.25
207789,139.25
207792,105
207792,24.25
207795,58.5
207800,42.54
207800,101.63
207801,6.73
207806,5
207807,99
207807,242.25
207807,87.9
207811,28.26
207811,52.36
207811,7.97
207812,29.31
207812,48.03
207812,7.98
207813,32.43
207813,51.53
207815,27.74
207815,57.39
207815,317.87
207815,590.43
207816,35.95
207816,31.93
207819,12.78
207820,15.59
207820,60.26
207820,271.61
207822,22.76
207822,315.53
207822,335.42
207824,16
207824,153
207826,118.08
207826,302.33
207827,62.55
207828,3.75
207828,4.5
207829,85.5
207830,16
207830,60.9
207830,23.48
207836,163.73
207836,124.8
207836,80.21
207836,36.95
207836,53.45
207836,93.06
207836,8.7
207836,280.34
207837,47.25
207837,767.5
207837,20.25
207841,241.34
207843,13.5
207845,9.5
207845,29.54
207847,30
207848,106
207848,390
207849,30.53
207849,67.7
207852,9.5
207852,29.39
207857,514.75
207865,47.7
207865,202.94
207867,677.15
207869,16
207870,11.42
207872,89.06
207876,76.5
207876,22.95
207876,207.31
207876,175
207878,515.25
207879,0.25
207879,29.18
207882,222.59
207883,8
207883,7.03
207883,52.42
207884,36
207885,570
207885,70.5
207886,13.75
207886,22.5
207892,88.75
207892,116
207893,28.39
207893,80.3
207902,153.5
207904,5.25
207906,57
207908,53.54
207908,99.12
207908,286.61
207908,107.99
207909,53.63
207909,97.99
207909,280.21
207909,104.21
207912,29.18
207912,14.07
207913,38.9
207913,47.2
207914,74.21
207915,127.75
207916,8
207920,55
207920,632.8
207920,112.6
207922,58.86
207925,7.78
207926,20.95
207926,63.58
207926,71.89
207929,25.25
207929,4.07
207930,41.13
207930,32.04
207930,215.36
207930,17.57
207932,1.5
207943,71.5
207948,400.1
207948,104.3
207948,38.5
207953,212.55
207953,16
207954,103.75
207954,72.5
207954,91
207955,83.97
207955,183.64
207961,16.86
207964,166
207964,15.32
207965,52.2
207965,27.75
207969,348
207970,268.25
207971,47
207971,115.57
207976,16.43
207977,1
207977,31.34
207977,8
207980,3.5
207981,4
207982,708
207986,17.5
207987,19.68
207987,49.92
207987,46.16
207987,131.24
207989,35.7
207989,47.95
207989,226.22
207989,137.98
207992,21
207992,33.37
207992,66.38
207994,22.66
207994,146.77
207995,87.45
207995,322.09
207995,278.78
207996,44.25
207996,26
207996,8
207999,197.32
208002,7.53
208002,27.94
208003,307
208003,320
208005,17.25
208008,26.9
208008,256.59
208008,316.7
208009,30.08
208009,9.02
208009,1
208009,7.5
208018,37.76
208020,6.38
208021,5
208021,4.15
208023,229.3
208029,93.08
208035,27.25
208036,5
208037,35.95
208037,57.63
208037,66.55
208037,3.58
208038,30.9
208038,56.15
208038,233.38
208038,197.95
208039,25.75
208039,46
208040,63.25
208043,51.68
208044,5
208045,115
208046,5
208047,48
208048,243.5
208048,169
208048,297.5
208050,543.5
208051,352.5
208052,7.5
208053,150.54
208054,16
208056,120
208057,15.83
208058,8
208058,53.13
208058,69.15
208062,104.75
208066,111.5
208066,56.5
208067,21.5
208067,1.5
208067,16.79
208068,109.59
208068,5.5
208069,1
208070,149
208071,390.3
208073,24
208074,323.07
208074,326.25
208077,182.67
208077,9.8
208080,15.25
208083,8
208083,63.97
208083,27.23
208083,3.5
208085,32.25
208085,156
208085,63
208085,31
208087,6
208087,12
208087,13.75
208087,32.25
208088,47.25
208091,7.75
208094,54
208096,121.5
208096,73
208097,47
208098,7.5
208098,24
208099,7.5
208099,24
208102,134.5
208102,538.75
208103,47.22
208105,61.9
208106,66.73
208107,10
208108,85.15
208110,3.75
208113,4.5
208114,3
208115,99.57
208115,286.29
208115,8
208116,81.9
208116,255.93
208119,3.75
208123,27.75
208127,160
208128,34.93
208128,28.52
208129,19.62
208135,26.9
208137,47
208137,8.95
208138,334.04
208138,17.5
208139,136.04
208140,8.15
208141,16
208142,13.27
208142,44.55
208142,113.04
208146,583.75
208147,36
208151,10.05
208153,154.8
208156,747.09
208157,96
208157,95.5
208157,166.5
208157,24.5
208160,3
208160,5.5
208161,88
208163,737.25
208164,7.5
208164,105.92
208164,61.75
208166,47.37
208168,44
208168,135.98
208168,112.25
208169,142.23
208170,1.25
208171,317.75
208172,13.94
208172,23.08
208173,8
208174,14.8
208174,9.85
208174,141.91
208174,9
208175,116.08
208180,110.2
208180,23.32
208181,43.9
208181,24.47
208181,24.25
208181,33
208182,52.5
208187,20.51
208187,10.47
208188,14.49
208189,45.45
208189,30.75
208189,344.16
208190,16.95
208191,19.17
208193,51.85
208194,51.82
208195,167.02
208195,61.38
208195,40.65
208195,25.21
208196,32.2
208199,22
208199,574
208201,30.18
208201,1.93
208204,696.75
208205,1
208205,30
208206,69
208209,48
208210,112
208211,467.75
208216,2.5
208217,7
208219,16
208220,586.4
208224,202.41
208224,347.75
208225,200.67
208226,333
208226,216
208226,80
208227,2
208227,6
208227,192.5
208229,79.47
208234,32
208235,254.9
208240,8.25
208242,75
208245,632.69
208246,41
208249,36
208249,3.18
208254,125
208256,6
208256,118.97
208259,73.05
208260,57.25
208260,148.86
208261,23.51
208263,6.21
208264,10.42
208265,9
208265,2.75
208266,36.25
208266,77.75
208267,528.53
208268,58.5
208269,15.33
208270,37.33
208271,75.5
208273,765
208276,96.75
208278,8
208279,8
208280,61.65
208280,24
208280,7.5
208281,73.69
208281,24
208281,3.25
208285,28.5
208285,132.92
208286,6
208286,81.65
208289,152
208293,149.25
208294,354.2
208295,104.83
208295,25.66
208296,44.5
208298,2.5
208299,2.5
208301,273.35
208302,344.25
208302,232.23
208303,75.57
208303,6.95
208307,32.6
208307,24.25
208308,727.55
208308,8
208312,89
208312,62.25
208312,124
208314,15
208317,29
208319,16
208319,143.5
208319,32.92
208320,117.91
208321,86.55
208321,34.62
208321,31.05
208326,46.21
208326,66.66
208326,39
208326,31
208327,49.6
208327,50.55
208328,51.4
208330,17.99
208335,8
208346,48.5
208350,40.42
208350,30.04
208350,0
208352,400
208352,296
208357,8
208359,14.6
208362,45.25
208364,228.5
208364,56
208364,40.5
208364,76.75
208372,22.97
208372,430.42
208373,33.65
208373,344.6
208373,291
208373,39.25
208374,55.77
208374,12
208380,154.29
208383,76.25
208386,104.7
208389,83.9
208389,62.61
208389,105.75
208389,28.28
208389,16
208390,67.5
208392,63
208394,52.3
208396,90.49
208397,8
208397,12
208398,8
208398,105.39
208400,49.65
208400,57.4
208400,87.25
208402,16
208402,95.49
208404,17
208405,231.9
208406,8
208407,14
208408,80.25
208411,34.52
208415,22.34
208415,79.67
208415,0.32
208417,17
208421,25.62
208421,210.14
208423,25.63
208423,240.88
208423,20
208424,33.7
208424,258.93
208424,37.89
208425,18.3
208426,23
208426,39.5
208429,413.75
208429,53.5
208430,25.94
208431,578.25
208432,76.5
208432,63.24
208432,158.55
208432,130.5
208438,166.25
208438,14.5
208438,17.45
208440,44.87
208440,93.32
208441,45.02
208441,104.51
208442,26
208444,450
208447,117.41
208449,34.74
208452,29.2
208453,6
208453,98.04
208453,9.55
208454,2
208456,12.61
208456,8.5
208457,32
208459,16
208461,23.49
208461,145.12
208463,22.8
208463,161.3
208464,70.4
208465,8
208475,9.25
208477,188.06
208480,22.75
208481,98.1
208482,40
208483,3
208484,3
208485,15.58
208486,15.76
208487,7.35
208487,6
208488,23.6
208488,89.21
208488,50.33
208491,12.75
208491,344.25
208492,8.66
208493,23.25
208493,38
208493,36.5
208493,134.75
208493,7.25
208494,549.9
208496,23.25
208496,194.75
208496,68
208496,33.5
208498,6.75
208499,25.13
208499,110.37
208500,42
208502,154.63
208503,8.38
208505,74.3
208505,21.6
208506,33.92
208507,28.75
208508,227.89
208508,78.25
208509,0
208509,32
208509,26
208510,106.5
208516,19.95
208518,20.5
208521,9.5
208522,41.45
208522,5.11
208523,41.69
208523,5.51
208524,96.75
208524,88.25
208527,84.25
208529,27
208533,15.5
208533,69.75
208534,67.75
208535,16.6
208535,6.5
208543,5.47
208543,8.25
208543,10.5
208544,7.23
208545,41.41
208548,34.43
208548,19.16
208549,582.75
208550,295
208554,292.51
208554,35.43
208556,22.1
208556,65.25
208557,46.78
208557,195.41
208559,31.72
208559,47.22
208559,48.25
208559,429.93
208560,386.9
208566,34.25
208568,3.98
208568,9.75
208571,26.98
208571,40.1
208572,122.3
208572,41.25
208572,383
208576,27
208576,188.7
208576,17.12
208577,98.62
208577,18.25
208579,8
208579,0
208579,40.25
208579,116
208579,2
208582,9.21
208584,41
208587,36.65
208588,2.5
208588,84.25
208588,72.25
208591,304.42
208591,359.14
208597,58.46
208597,7.5
208598,281.17
208602,10.25
208602,689
208604,48.75
208604,241.25
208604,133.75
208604,124.5
208607,31.72
208607,47.09
208607,100.25
208607,427.22
208608,7.25
208608,8
208610,126.5
208610,22
208617,4
208617,27.67
208620,2.5
208620,20.5
208622,15
208624,88
208625,161.5
208626,24
208626,17.75
208627,71.25
208628,239.5
208630,146.75
208631,109.5
208631,34
208632,78.92
208633,90.5
208634,4
208634,16.75
208635,363.5
208635,15
208635,4
208637,230.25
208637,66.75
208638,75.5
208639,133.5
208640,34.84
208640,66.5
208641,34.78
208641,65.36
208643,24
208644,18.9
208644,32.92
208645,18.96
208645,9.85
208646,43.25
208646,35.25
208647,62.75
208647,41.75
208648,16
208649,240
208650,4.85
208656,65.05
208656,20.65
208659,224.25
208659,66
208659,257.5
208659,82.5
208661,32.55
208661,164.03
208661,200.64
208662,32
208666,4
208667,16.73
208667,14.96
208669,63.92
208671,16
208672,26.75
208672,44
208676,22.83
208676,191.55
208676,8
208677,6.78
208678,8
208679,374
208680,21
208680,7.87
208681,50
208682,23.48
208682,4.75
208683,16.33
208686,24
208694,21.5
208701,201.75
208701,46.42
208703,17.25
208703,188.33
208704,16.95
208704,188.55
208705,17.13
208705,183.2
208706,17.31
208706,188.71
208708,22.85
208708,265.89
208708,69
208708,232.77
208712,16.25
208712,6.75
208713,3.75
208713,52.99
208719,5.85
208719,72.35
208720,5.85
208720,113.34
208735,70.5
208735,71.5
208737,6.82
208738,131.25
208742,47.25
208742,54
208742,166.25
208745,40.5
208745,32
208745,68.25
208747,97.8
208748,12.1
208748,289.1
208749,25.95
208750,12.5
208751,144.53
208752,501.05
208754,23.5
208754,235.5
208759,11.75
208760,566.25
208765,6.75
208766,235.74
208766,172.28
208768,23.44
208768,290.79
208770,17.33
208770,5.5
208771,192
208776,11.27
208778,24.81
208778,7.22
208779,88
208780,32
208781,408
208782,183.72
208783,72
208784,9.25
208784,8
208785,8
208785,535.75
208786,31
208788,11.05
208789,32
208790,40
208791,15.52
208791,249.72
208792,82.75
208796,19
208796,212.25
208796,108.25
208796,18.5
208798,266.71
208798,44.3
208799,270.61
208799,44.3
208800,10.25
208803,334.47
208803,0.75
208803,106.81
208803,65.18
208804,7.67
208806,4.25
208806,249.5
208806,243.75
208807,536
208814,292
208818,40
208818,11.65
208819,29.75
208819,11.65
208820,37.75
208821,37.75
208822,40
208823,23.8
208825,112.56
208827,4.18
208836,4.93
208838,536
208839,224
208840,336
208840,360
208842,21.4
208843,48.7
208843,34.75
208844,3.75
208844,4.51
208845,14.67
208847,8
208848,8
208848,41.5
208852,23.42
208852,93.27
208853,14.25
208859,0.5
208862,28.48
208863,51.6
208866,31.8
208866,304.87
208866,388.4
208867,32
208873,15.69
208873,152.37
208875,311.5
208875,254
208875,74
208880,227.1
208880,32
208880,7.75
208883,435.5
208884,112.75
208884,129.25
208886,22.03
208888,23.25
208888,40
208888,8
208890,12.42
208890,4
208891,12.39
208891,4
208892,23.61
208892,147.91
208892,65.64
208894,23.75
208894,40
208894,8
208894,127
208895,23.56
208895,146.92
208896,14.46
208896,621.5
208898,13.72
208899,4.75
208899,516
208900,24
208900,176.5
208900,389
208900,80
208901,27.08
208904,4.2
208904,8.6
208906,1.7
208907,16
208908,8.48
208908,12
208910,117.25
208911,616.2
208916,31.53
208916,35.57
208917,31.3
208917,282.51
208917,196.26
208918,149.25
208918,64.75
208920,10
208921,71
208922,10
208923,32
208926,15.67
208926,235.34
208926,272.5
208928,12.38
208928,43.85
208929,24
208929,77.96
208929,62.75
208931,5.75
208933,223.23
208935,442.75
208937,216.87
208939,7.68
208939,145.26
208942,118.4
208943,74.69
208944,153.4
208944,109.6
208945,140.1
208945,132.5
208946,135.4
208946,132.1
208947,32
208947,160.4
208948,10.17
208949,10.15
208949,121.62
208951,168.75
208951,1.25
208955,114
208962,191
208963,8
208963,608.5
208964,411.25
208965,2.45
208966,52.72
208968,39.44
208968,6.9
208969,516.5
208972,9
208973,8
208975,29.55
208975,144.21
208975,1
208975,118.73
208977,40
208977,7
208979,10.25
208979,284
208980,181.68
208986,36.7
208987,30.94
208989,82.57
208989,11.29
208990,103.5
208991,20.28
208991,83.65
208992,84.96
208994,215.92
208994,104.27
208994,61.72
208994,32.79
208996,16.45
208996,35.33
208997,115.37
208999,46.5
209004,38.24
209004,41.26
209007,7.53
209007,31.57
209007,14.91
209008,3.07
209009,38.91
209010,39.08
209011,7
209013,125.12
209015,172.1
209017,191.14
209017,86.5
209017,60.98
209017,24.85
209018,7.83
209019,120.91
209020,4.75
209020,506
209021,48
209021,49.75
209026,45.78
209027,207
209028,9.25
209029,7.32
209035,25.83
209035,48.02
209035,37.09
209035,49.27
209036,25.87
209036,49.66
209036,37.18
209036,49.5
209037,70.78
209037,9.55
209041,1.75
209045,8
209046,23.65
209046,68.99
209047,23.96
209048,42.16
209049,51.98
209049,17.22
209050,20.71
209050,19.83
209050,17.32
209051,20.77
209051,94.95
209052,116.16
209053,8
209055,24.68
209055,170.82
209056,265.55
209056,56.44
209058,8
209060,44.18
209061,22.75
209061,83.75
209061,72
209063,1.5
209065,2.5
209066,31.25
209066,27.75
209066,149.01
209066,122
209066,1
209067,22
209067,359
209070,8.15
209070,71.62
209071,4.58
209072,105.5
209073,14.33
209077,23.62
209077,4.15
209079,40.25
209084,126.79
209084,48.4
209085,64.75
209087,52.68
209088,189.7
209090,109.3
209091,16
209091,27.84
209094,5.5
209095,47.5
209096,8.5
209096,22.45
209097,824.23
209105,24
209105,308
209106,40.75
209106,16.75
209107,413.2
209107,152.29
209108,176.36
209109,98.82
209110,191.28
209115,8
209115,179
209115,322.25
209119,520
209123,490.5
209126,56
209127,20.29
209127,96.12
209128,15
209129,94.5
209129,80
209133,1.5
209135,141.5
209137,464
209137,80
209138,17.33
209139,54.4
209140,83
209140,38
209141,58.33
209142,115.51
209142,28
209144,52.72
209144,219
209144,238
209147,6.25
209147,160.5
209149,33.28
209150,13.5
209155,4.5
209155,168.75
209156,170.31
209157,256.89
209157,59.87
209159,143.5
209163,55.25
209163,6.5
209165,279.98
209165,138.95
209166,289.96
209166,138.93
209170,143.25
209171,82.65
209173,23.7
209173,39
209174,24.5
209181,32
209181,65.62
209189,2.25
209189,37.5
209191,224.72
209192,8
209193,2
209196,4
209197,4.5
209198,47.8
209200,33.25
209202,40.45
209203,434
209205,82.13
209207,18.12
209207,84.44
209208,19.04
209208,84.44
209209,11.32
209209,7.5
209211,125.27
209213,6.5
209214,5.5
209219,19.73
209219,12.5
209227,107.75
209227,259.5
209230,11.5
209231,489
209232,29.53
209238,18.51
209238,16.25
209239,15.65
209239,236.61
209239,112.83
209239,75.1
209244,51.5
209244,72.25
209245,41.5
209245,84.25
209246,512
209247,7.37
209247,165.22
209247,33.69
209248,655.75
209249,85.1
209249,30.65
209251,158.2
209251,0.5
209251,8
209253,282
209256,537.5
209257,56.5
209258,60.84
209260,32
209260,60.18
209261,3.65
209261,0
209262,56.5
209263,31
209263,381.5
209264,14.24
209264,4.5
209269,141.25
209271,17.08
209272,246.8
209273,102.6
209274,102.82
209277,73.84
209278,64
209282,59.05
209282,48.5
209287,45.39
209287,8.25
209288,221.37
209288,79.48
209291,5.4
209295,183.83
209295,341.2
209296,556.5
209298,154.85
209299,164.95
209300,5.25
209300,51.5
209300,177.3
209301,5.25
209301,51.5
209301,192.5
209302,31.53
209309,27.75
209309,64
209312,16
209317,98.6
209318,4.5
209319,14.39
209319,28.07
209322,185.5
209322,259.25
209322,73.25
209323,210.78
209323,51.75
209325,1.5
209325,125.78
209326,179
209330,14
209331,140.25
209331,206.25
209331,175.14
209331,91.7
209332,100.92
209332,25.25
209333,257.52
209333,204.88
209334,270.11
209334,258.6
209338,94.73
209338,4
209341,101.39
209343,60.67
209346,204.06
209346,60.5
209346,16
209349,35.01
209350,32
209351,8.2
209353,6.5
209354,149.19
209354,91.59
209356,240.91
209358,7.5
209358,31.75
209358,72.75
209359,55.33
209360,28
209365,357.75
209365,40
209366,300
209367,24
209368,32
209369,145.15
209370,156.78
209372,214.75
209376,493.92
209377,114.15
209380,123.35
209381,250.75
209383,15.54
209384,7.5
209385,127.5
209385,37.5
209386,235.78
209386,338.65
209387,16
209388,53.38
209388,63.21
209389,131.25
209390,40.75
209391,227.19
209392,128.5
209393,71.32
209399,85.43
209401,3.89
209403,238.69
209403,355.45
209404,166.46
209405,8.5
209406,163.6
209407,94.75
209408,38.1
209409,50.53
209419,4
209420,16.5
209426,22.25
209430,110.7
209430,5
209431,108
209431,5
209432,91.8
209436,287.14
209438,224.45
209439,26.79
209439,15.5
209440,273.47
209441,138.97
209442,32
209442,257.75
209442,263
209444,64.67
209445,208.5
209445,170.85
209446,11.95
209448,507.75
209449,65.79
209450,23
209450,6.75
209451,0
209452,25.85
209452,3.18
209453,105
209453,30
209454,257.25
209455,80.5
209456,226.5
209457,112.7
209458,8
209460,258.05
209460,27.3
209462,408
209464,20.5
209465,44.38
209471,15.95
209472,6.32
209473,93.34
209474,103.86
209475,51
209476,8.5
209482,72
209483,5.8
209484,174.6
209485,4.13
209486,8.43
209489,47.03
209489,20.04
209491,16
209494,144.5
209495,88
209497,4
209498,85.5
209499,71.5
209501,111.59
209502,4
209507,232
209507,57.15
209507,78.5
209509,8
209511,298.25
209511,157.5
209511,73.5
209512,29.43
209513,10
209519,32
209519,46.75
209520,30.43
209520,2
209521,152.8
209524,93.91
209525,6
209526,14.74
209527,122.45
209529,229.35
209529,76.1
209530,492.75
209531,418.75
209532,553.5
209533,484.5
209540,56
209540,262.75
209540,168.75
209544,16
209546,49.5
209548,7.95
209550,8.92
209554,40.11
209557,8.33
209558,56.45
209559,125.13
209560,78.43
209561,78.92
209562,94.07
209564,6.21
209566,57.58
209569,147.25
209571,8
209571,15.25
209573,97.19
209574,159.5
209575,35.21
209575,26.4
209577,53.28
209578,6.12
209579,103.02
209580,85.5
209581,103.62
209583,153.35
209585,48
209589,24
209594,239.92
209594,234.08
209595,239.96
209595,218.67
209597,161.12
209599,24
209599,8
209599,0
209602,548
209604,168.58
209604,28.56
209606,150.5
209607,32.6
209608,2
209614,87.5
209615,76
209616,63.56
209617,40.31
209618,8
209618,8
209619,553
209620,8
209620,607.25
209621,66.5
209622,57.16
209622,8
209622,95.08
209622,18.23
209622,7.5
209622,581
209623,74.11
209627,32.76
209630,8
209630,77.75
209631,507.01
209632,62.62
209633,248.23
209633,157.54
209634,17
209638,40.04
209641,74.64
209644,39.52
209646,88.78
209652,40
209652,112.5
209652,138.3
209652,68.37
209655,86.98
209656,47.2
209660,15.45
209660,43.14
209660,47.04
209662,134.42
209663,8
209671,35.14
209672,12
209678,78.75
209679,257.75
209680,265.03
209684,241.25
209684,296
209685,23.24
209687,33.5
209690,127.45
209693,40.25
209695,95.48
209697,100.12
209698,510.33
209699,6.5
209699,11.5
209702,83.5
209703,196.61
209708,30.59
209710,12.65
209714,5.3
209714,32.82
209715,37.27
209715,9.58
209721,47.01
209723,111
209724,15.5
209725,8.83
209726,8.82
209732,59.94
209733,8.77
209734,127.97
209734,301.69
209735,8.82
209736,618.25
209737,67.65
209737,16
209740,8.78
209741,457.5
209742,52.45
209742,8.47
209744,35.5
209745,139
209747,45.66
209748,76.44
209749,26.95
209750,8.07
209751,122.38
209753,359.48
209754,47.75
209754,215
209755,125.07
209759,116.1
209759,3.25
209761,44.31
209762,107.55
209765,104.71
209767,32.01
209770,4.13
209771,34.96
209772,18.53
209772,3.08
209772,54.16
209772,1.5
209773,9.5
209773,7.5
209774,94.31
209777,30
209778,30
209779,8.83
209779,7.5
209781,348.67
209781,86.5
209782,8.5
209783,8.47
209784,20
209785,90.5
209785,41.83
209785,63.24
209785,30.93
209786,78.5
209789,4.89
209791,4.88
209792,22.5
209792,44.75
209793,29.75
209794,121.25
209795,45
209799,159.5
209800,61
209801,15
209802,18
209802,27.6
209803,15
209804,4
209805,4
209806,18
209806,24.6
209807,28
209808,6
209809,0
209810,60
209810,181
209811,30
209812,22.5
209813,15
209815,191.5
209815,48.5
209816,242.75
209817,98.5
209820,45.87
209821,51.9
209821,7.5
209823,565.5
209824,2.44
209826,83.52
209827,79.75
209830,208.55
209832,39.71
209833,606.25
209834,50
209834,279.5
209834,191.25
209837,21.5
209839,15
209843,25
209844,156.6
209845,184
209849,30.27
209850,8.48
209851,8.82
209854,44.85
209856,2.25
209857,148.21
209858,3
209859,76.5
209860,110
209861,122.1
209863,102.12
209864,196.17
209865,64.5
209866,9.78
209866,18.5
209868,38.73
209869,30.83
209869,14.5
209872,38.98
209873,19.43
209875,140.77
209876,672.25
209878,6.5
209879,5
209883,128.1
209883,8
209884,39.1
209884,211.5
209884,19.5
209885,26.5
209886,80.21
209887,14.4
209888,3.03
209889,484.25
209890,80
209891,8
209893,231.5
209895,390.1
209896,35.33
209897,196.5
209898,99.19
209899,62.17
209902,115.21
209902,8.1
209903,119.13
209903,8.28
209905,1
209905,7
209906,34.59
209907,6.27
209908,8.85
209909,14
209910,51.6
209911,83
209912,116.9
209915,30
209915,87.3
209919,4.15
209920,3.6
209920,97.65
209921,38.5
209922,196.75
209923,5
209926,8.2
209930,121.5
209932,671.47
209934,6
209935,10.18
209937,376.5
209939,19.31
209946,126
209948,7.13
209948,12.12
209949,57.02
209950,31.3
209950,4.5
209951,132.97
209954,94.75
209954,36.74
209958,72
209961,38.97
209962,529.5
209964,28.15
209964,37.98
209965,37.37
209968,16.5
209968,34
209968,73.25
209968,42.5
209969,79.08
209973,264.78
209973,33.69
209975,18
209975,148.5
209976,12.5
209976,130.25
209978,137.46
209979,114.04
209979,25.29
209980,12.25
209980,6
209983,30
209983,11.5
209985,37.5
209985,19
209989,294
209991,390.3
209993,105.49
209997,184.07
210001,34.74
210002,34.69
210003,79.38
210005,61.07
210006,10.4
210009,53.66
210010,44.02
210011,36.03
210011,24.89
210012,8.09
210013,8.7
210014,77.67
210015,81.97
210017,73.54
210018,19.17
210019,9
210020,58.02
210020,9.5
210021,65.37
210023,21.55
210024,153.14
210024,2.8
210025,57.5
210025,252.25
210025,42
210025,15.25
210025,65.25
210030,52.72
210031,33.86
210032,4.97
210033,202.07
210035,269.24
210035,72.69
210036,269.58
210036,72.69
210037,261.36
210037,198
210040,87.32
210041,106.82
210041,12.37
210047,71.16
210049,47.24
210057,14.52
210061,16
210063,37.66
210064,598.1
210066,54.5
210066,5.5
210066,8
210067,46.37
210067,5.5
210067,8
210068,9.53
210068,18.5
210068,55
210069,14.18
210070,149.19
210071,36.83
210073,84.71
210074,45.18
210075,17.55
210076,17.42
210078,314.75
210079,45.74
210088,25.3
210089,82.05
210089,33.35
210090,25.99
210091,205.75
210093,24
210097,119
210097,408.5
210098,21.77
210100,40.18
210101,112.25
210101,7.25
210102,125.85
210104,249.47
210104,374.93
210105,193.5
210111,1
210113,110.4
210114,110.5
210115,5.7
210125,611.11
210129,14.75
210129,37.66
210130,19.42
210132,20.92
210133,189.21
210135,57.75
210136,76.6
210137,135.5
210137,87.5
210137,210.25
210139,20.17
210139,2
210140,52.12
210140,19.23
210142,7.5
210144,74.39
210145,76.5
210147,32.19
210148,99.39
210148,39.9
210149,19.25
210150,4
210150,48.5
210158,7.75
210162,83.54
210163,586.75
210165,9.45
210165,9
210166,546
210167,196.51
210172,57.96
210172,9.5
210173,133
210174,373.5
210175,65.24
210178,3.5
210179,60.83
210182,391.75
210186,207.25
210186,106.35
210190,5.82
210192,160.14
210194,27.73
210196,6.86
210197,219.92
210199,82.49
210199,33.5
210200,9
210202,16
210203,48.87
210204,28.5
210208,6
210208,30
210209,73
210209,1
210210,60
210210,1
210211,8
210211,22.5
210212,26
210213,222.36
210213,235.32
210214,150.84
210214,243.46
210218,63.59
210219,11
210220,205.17
210220,376.7
210221,111.75
210221,51.25
210221,253.71
210222,195.34
210222,238.35
210223,102
210224,198.7
210225,3.6
210228,18.74
210231,31.5
210235,32.65
210235,137.75
210235,39.25
210236,38.54
210237,127.5
210238,15.25
210238,84.75
210239,27.72
210241,161.72
210241,140.51
210242,40
210243,46.34
210244,55.82
210248,8
210249,43.17
210252,101.5
210256,211.57
210256,185.98
210257,9.02
210258,8.56
210259,29.08
210260,70.65
210260,44.85
210260,51.29
210260,104
210261,8.5
210262,17.39
210262,54.85
210263,5.53
210263,6.75
210263,20.25
210264,75.76
210265,230.6
210267,5
210268,103.68
210268,26.53
210268,18.48
210269,57.14
210271,29.25
210272,6.83
210280,8
210280,10
210282,166.75
210282,36.36
210283,516
210284,308
210285,37.8
210285,32.71
210285,84.75
210289,10
210290,25.25
210290,105.59
210291,68.8
210292,68.46
210293,181.58
210293,10.72
210293,77.4
210299,29.22
210300,29.56
210301,25.19
210304,312.1
210305,272.9
210305,53
210306,83.46
210307,20.74
210308,6.83
210309,49.5
210309,69.5
210310,430.25
210311,8
210312,452.5
210317,60.91
210320,68.4
210322,17
210324,201.75
210325,22.15
210326,9.25
210330,301.6
210331,64.83
210332,18.6
210334,17.01
210336,176.75
210338,150
210341,67.81
210341,8.88
210342,70.23
210343,8.73
210345,17.47
210348,7.5
210350,8.93
210352,21
210354,128.7
210355,39.12
210358,222.51
210358,289.2
210359,21
210362,55.28
210364,204.51
210364,129.76
210364,11.5
210364,270.9
210368,61.75
210371,108.92
210372,21.7
210375,8
210376,8
210377,8
210378,8
210381,94.33
210385,19.52
210386,16.65
210387,26.53
210388,218.75
210389,480.17
210390,35.5
210391,8
210397,13.5
210398,13.5
210399,133.5
210399,20
210400,134
210400,20
210405,136.25
210406,192
210406,133.25
210407,107.93
210407,407.67
210408,155.95
210410,3.6
210410,8
210410,49.9
210411,82.92
210412,415
210413,41.67
210414,530.25
210415,10
210417,33.58
210417,0.25
210418,33.87
210419,25.66
210421,69.94
210421,12
210421,24
210422,8
210423,6.91
210424,82.4
210425,9.5
210433,216
210433,352
210434,208
210434,168
210435,231.25
210436,4.25
210438,227.25
210438,71.5
210441,30
210442,38.77
210443,130.5
210443,7.5
210444,37.25
210445,138.25
210447,4.6
210448,195.5
210450,30
210452,142
210453,44.38
210454,33.21
210455,212.5
210456,8
210457,244
210460,7.9
210462,8.23
210466,20
210467,48
210470,5
210471,21.3
210476,170.06
210477,112.03
210480,49
210481,67.32
210484,8.87
210485,4.03
210486,9
210490,15.07
210491,63.9
210492,78.19
210493,7.67
210496,79.68
210496,5.23
210497,4.62
210499,39.01
210500,26.5
210502,24.25
210506,240.5
210506,141.5
210511,21.81
210513,204.67
210513,63.37
210513,8
210515,56.65
210516,46.95
210518,212.85
210519,15.4
210519,60.35
210520,58
210526,101.5
210530,27.5
210530,158
210530,24
210530,34.5
210530,228
210530,8
210530,8
210551,32.75
210553,42.13
210558,31.75
210559,39.9
210564,18.42
210566,3.4
210569,160.14
210569,25.67
210570,224
210571,250.25
210572,71
210576,47.58
210579,4
210582,166.5
210582,49.75
210587,104.62
210587,0.02
210588,114.66
210589,118.53
210589,27.87
210590,90.57
210593,177.04
210593,95.37
210594,444.25
210596,48
210596,108.9
210600,104.5
210601,65.05
210602,92
210602,134
210602,40
210603,92
210603,134.75
210603,64
210605,29.25
210607,7.5
210609,43.51
210610,13.57
210612,11
210613,42.71
210614,39.88
210614,56.07
210615,14.75
210616,9.75
210619,84.9
210619,95.25
210621,7.8
210622,63.75
210623,66
220636,93.09
220637,2
220637,116.27
220637,31.9
220637,221.95
220638,17.5
220640,15.75
220641,23.44
220642,38.2
220645,20.25
220648,76.33
220649,60.07
220653,11
220653,9
220653,6
220655,104.68
220658,24
220659,173.75
220660,84.5
220663,50.38
220664,74.91
220664,30.75
220664,23.75
220664,7.33
220665,177.5
220667,75
220669,20
220676,12.5
220678,8.25
220680,74.75
220681,137.52
220682,72
220682,127
220682,176.5
220683,23.41
220691,33.4
220693,6.75
220693,1
220694,22.5
220695,396
220695,46.75
220696,68.5
220696,31
220698,17
220698,331
220698,42.45
220701,216.38
220701,325.96
220702,83.2
220706,22
220707,397.77
220708,313.1
220711,66.6
220713,13.6
220715,7.25
220726,50.5
220727,139.76
220728,15.52
220729,2
220729,372.5
220730,7.74
220732,37.5
220733,50.5
220734,12.25
220734,13.5
220735,16
220735,113.97
220737,4.95
220739,14.5
220741,6
220743,246
220745,8.5
220748,160
220750,155.53
220750,144.62
220751,16.07
220753,108.61
220753,62
220754,206.5
220754,50.5
220755,8
220757,117.35
220761,60.75
220761,20
220764,94.92
220765,94.73
220766,8
220769,107.49
220771,352.8
220772,4.02
220772,33
220774,61.88
220774,25.79
220775,17.25
220775,79.75
220776,60.5
220776,24
220778,20.5
220778,182.75
220779,7.25
220780,99.5
220782,182.18
220782,342.6
220783,173.57
220784,419.5
220790,536
220791,240
220791,360
220792,29.5
220793,12.26
220794,12
220796,31
220797,56.25
220797,31.75
220797,34.25
220798,115.82
220799,63.25
220799,155
220799,6
220802,42.75
220802,99.5
220802,8
220803,11.58
220804,22.42
220805,73.25
220805,301.67
220808,109.25
220808,110
220809,36
220809,9.33
220811,41.75
220812,7.5
220814,22.5
220815,6.25
220816,102.75
220817,102.75
220820,12.27
220822,36
220823,34.5
220825,155.35
220825,239.93
220826,64
220827,16.52
220828,16.53
220829,344
220831,72
220838,131.32
220839,8
220840,205
220841,208.26
220841,4
220842,6.75
220845,8
220846,14.83
220848,60.05
220848,12
220852,6
220852,6
220854,4.95
220857,4.25
220862,57.5
220864,15
220864,7.5
220865,404
220866,74.25
220867,270.25
220868,133.75
220871,67.2
220872,131.4
220873,112
220874,37.52
220875,58.75
220876,7.5
220878,8
220879,340.75
220880,245.25
220881,38.6
220882,421.75
220883,219.75
220884,80.25
220885,446.75
220886,363.25
220887,457.75
220888,344.25
220889,89
220889,24.5
220896,148
220896,80.5
220898,175.5
220898,8.75
220903,4.23
220906,256.5
220908,414.75
220911,32.26
220913,6.75
220914,491.46
220915,240.9
220916,8
220917,94.5
220918,129.4
220919,31.83
220919,14.5
220920,60
220920,7.5
220920,43.5
220921,21.5
220924,241.5
220926,26.51
220930,15.5
220930,23.25
220932,22.5
220932,125.1
220933,12.5
220934,4
220935,22.42
220936,231.75
220936,127
220939,135.02
220940,81.54
220941,8
220943,4.03
220946,1.75
220952,175.39
220952,200.12
220953,31.5
220954,105.06
220954,49.15
220955,192.34
220955,107.22
220956,6.81
220962,48
220965,7.5
220971,231.3
220978,83.5
220980,7.5
220982,115.83
220983,454.25
220984,57
220985,69.25
220985,98.07
220986,159.1
220988,201.5
220990,10.93
220991,84.25
220991,12.5
220991,82.55
220992,30
220993,34.5
220994,1
220994,54.4
220994,334
220995,22.5
220995,121.17
220999,43.25
220999,93.41
221000,23.4
221001,25.81
221001,18.75
221004,56.92
221005,56.65
221005,0.08
221007,4
221009,38.77
221016,10.5
221017,466
221021,48.18
221022,48.2
221025,143.4
221025,110.58
221026,24.1
221027,110.63
221027,319.15
221031,78.69
221031,321.01
221032,40.64
221041,16
221043,80
221044,23.25
221044,27.5
221044,10
221053,520
221054,520
221055,219
221056,480
221058,48
221061,6.98
221062,110.25
221063,12
221064,60.5
221065,521
221068,30.65
221072,184.5
221072,15
221073,24
221073,39.6
221080,492.46
221082,1.75
221083,58.5
221084,2.23
221085,160.25
221086,7.25
221086,151.54
221088,11.42
221090,103.5
221093,6.9
221095,2.25
221098,174.65
221103,2.75
221104,2.21
221105,368.38
221108,4
221110,87
221110,62.25
221110,57.5
221110,56
221116,94.3
221116,31.72
221118,90.72
221118,31.72
221119,20.07
221120,20.26
221121,172.81
221121,128.75
221121,8
221122,97.25
221122,256
221124,73.5
221124,280
221125,72
221126,463
221128,4.05
221128,395.5
221130,85.25
221130,25
221131,15
221132,185.9
221132,24.2
221132,107.72
221134,7
221140,91.25
221141,184.94
221144,69.5
221144,83.38
221144,27.72
221145,211.5
221146,0.25
221146,201.9
221148,122
221149,31.75
221149,38.95
221151,62.5
221152,71.75
221157,69
221173,78.15
221174,149.75
221174,205.5
221175,19.93
221176,8
221177,347
221179,75.53
221179,5.37
221180,5
221181,122
221181,26.6
221181,264.89
221182,496.75
221183,265.14
221186,65.4
221187,567.05
221189,23.1
221189,11.53
221189,23.46
221191,137
221192,25.62
221195,184.25
221195,161.25
221196,33.5
221199,57.25
221200,36.25
221203,24
221203,112
221203,270.63
221203,64
221204,108.19
221204,270.75
221206,6.75
221207,14.58
221209,145
221210,46
221211,77.75
221211,15.75
221213,141.5
221213,31.93
221215,371.5
221217,5
221219,2.5
221220,130.25
221225,10.08
221227,349.3
221228,134
221229,17.88
221230,14.5
221234,148
221235,0.5
221236,32.48
221240,5.83
221241,4
221249,371.68
221251,333.2
221251,136.25
221255,16
221256,16
221261,488
221264,40
221267,14.07
221268,409.5
221269,33.25
221274,466.91
221280,86.17
221282,18.25
221283,50
221284,5.57
221290,148.2
221290,155
221296,516
221297,164.3
221297,42.68
221299,39
221300,209.1
221300,39.53
221300,93.25
221302,91.25
221304,11.6
221307,4.22
221311,113.25
221311,43.75
221312,132.9
221314,4.25
221315,101.96
221315,287.26
221316,7.5
221317,7.5
221322,9
221328,43
221332,448
221334,9
221335,3.75
221337,23
221338,91.1
221340,382.36
221340,77.94
221342,70.73
221343,61.64
221344,7
221346,53.38
221347,13
221348,148.75
221348,95.25
221350,85.83
221360,44.09
221361,37.97
221363,73.5
221368,16.75
221370,37
221371,96.1
221371,45.36
221376,24.5
221378,168.63
221378,254.13
221380,44.92
221383,7.5
221383,16.08
221384,147
221384,173.5
221385,129.5
221385,196.25
221387,18.5
221388,11.18
221390,335.66
221395,5.25
221401,32.42
221402,43.13
221404,475.33
221407,61
221407,139.5
221407,71.75
221408,28.9
221408,7.4
221413,101
221414,13.43
221414,49.25
221415,3.75
221417,10.7
221419,110.75
221420,217.7
221421,201.6
221421,268.5
221421,48
221423,154
221427,87.59
221427,264.45
221428,224.5
221428,30.6
221431,494.1
221431,6.5
221432,20.87
221435,72.9
221437,32.8
221439,7.25
221440,7.25
221450,161.78
221450,24
221453,370.75
221457,65.25
221457,22.98
221458,98
221464,345.5
221464,89.25
221466,199.27
221466,354.06
221468,135.5
221474,40
221479,9.23
221479,48.9
221483,19
221484,104.5
221484,136.5
221486,33.99
221487,18
221487,347.48
221489,8.75
221490,102.09
221490,383.93
221493,13.5
221494,128
221495,13
221495,12
221496,162.05
221497,18.5
221499,33.87
221502,10.59
221502,49.21
221506,1
221506,140.07
221510,13.82
221511,4
221514,18.2
221514,19.72
221518,49.91
221524,23.17
221525,43.75
221534,175.75
221534,178.75
221535,7
221535,99.97
221538,109
221538,208
221540,13.5
221541,126.5
221541,40.25
221554,56
221554,52.6
221554,3.9
221561,50.75
221561,130.5
221561,194.5
221567,182
221570,9
221571,94.68
221571,41.23
221572,12
221572,256.75
221576,386.25
221577,27.75
221579,4
221580,1
221580,23.47
221584,55.5
221587,85
221588,41.75
221589,56.5
221590,193
221590,29.3
221591,11
221592,11
221594,13.75
221594,16.36
221595,111.9
221595,27.83
221596,48
221596,217.5
221598,91.65
221598,103.62
221599,115
221600,27.75
221601,35.5
221602,143.1
221603,437.28
221607,102.2
221607,17.75
221608,13.82
221611,13.25
221615,187
221627,36.25
221627,39.15
221628,27
221628,137.2
221629,58.85
221629,238
221631,198.75
221637,7.5
221638,61.35
221639,51.81
221642,14.24
221642,11.5
221643,44.25
221650,15.75
221651,74.5
221652,18.88
221655,43.42
221657,118
221660,13.85
221660,13.4
221661,80.05
221665,133.5
221671,24
221671,168
221671,240.5
221673,77.15
221674,124.52
221674,224
221681,7.5
221684,383
221686,56
221686,34.67
221686,3.08
221688,343.25
221688,30.75
221695,70.25
221700,33.08
221704,12.7
221704,24
221704,108
221709,25.27
221709,376
221710,65.01
221712,408
221715,22.25
221716,26.53
221716,14.02
221719,51.23
221720,16
221723,26.16
221723,398.01
221725,22.5
221727,1
221727,324.5
221729,10.51
221729,56.36
221730,66.42
221733,102.21
221745,22
221746,41.5
221747,55.75
221748,250.75
221750,15
221752,15
221753,49.5
221754,86
221754,384.1
221756,288
221759,28.75
221759,4.5
221760,379.5
221763,411.6
221764,61
221771,1.25
221772,102.25
221772,177.5
221776,257
221779,1
221780,75
221782,58.31
221785,38.5
221787,9
221789,405
221790,522.65
221791,30.77
221794,27.75
221796,493.25
221798,42.02
221799,52.04
221800,81.69
221801,21.75
221803,1
221809,36.04
221811,59.25
221811,57.75
221813,103
221813,283.5
221819,448.5
221824,37
221825,40.55
221826,18.5
221826,12
221828,8.25
221828,8
221828,483.25
221831,65.26
221831,11.1
221835,33.75
221836,311.64
221839,34.72
221842,8.65
221843,8
221844,118.2
221847,99.5
221849,8
221849,8
221850,21.9
221852,3.93
221853,32.47
221853,84.81
221854,44.82
221855,312.45
221858,11
221860,7.5
221862,6
221863,135.5
221863,30
221864,155.75
221865,6.58
221865,16
221865,16.5
221867,7.5
221869,63.25
221871,6.58
221871,16
221871,16.5
221872,22.42
221874,29.62
221879,66.5
221880,169.16
221883,147.44
221884,175.75
221885,7.5
221885,9.25
221888,423.75
221897,265.14
221903,9.75
221907,181.5
221907,29
221907,76.25
221909,166.42
221913,23.08
221913,0.57
221914,38.82
221918,344.75
221923,64
221924,435.5
221925,435.5
221926,269.75
221927,58.75
221929,109
221930,15
221932,19
221933,57.25
221934,49.5
221935,26.5
221935,3.5
221938,443.83
221944,20.25
221944,144.75
221949,251.09
221949,29.08
221950,24
221950,8
221951,1.75
221952,165
221952,72
221959,5
221961,3.83
221964,10
221968,276.92
221968,24
221974,4
221976,16
221978,74.5
221978,274.25
221983,29.07
221985,4
221990,55.33
221993,96.98
221994,7.5
222000,21.2
222004,15.5
222004,28.8
222004,22.13
222005,86
222010,394.2
222012,50
222012,37.5
222014,28.7
222021,7.5
222031,105
222032,242.98
222032,173.05
222033,40
222034,47.25
222038,482.5
222039,263.09
222039,71.5
222044,72.77
222046,146.25
222049,75
222053,445.5
222058,102.75
222059,80.25
222064,6.2
222067,32
222068,78.1
222068,148
222076,29
222077,27.5
222081,112.21
222084,10
222084,91.25
222085,45
222085,94.72
222086,45
222086,94.6
222087,74
222088,446.89
222089,35.5
222092,20.5
222098,71.2
222099,71.2
222100,34
222101,75.5
222101,321.25
222104,8
222110,101.11
222111,92.03
222113,26.26
222113,89.5
222113,31.12
222118,95.5
222120,80
222123,89.25
222123,7.3
222124,168
222127,206.5
222129,50
222130,53.5
222131,53.5
222132,18.15
222135,71.6
222136,100
222138,19.25
222139,52.25
222139,124.25
222146,88.6
222148,60.5
222148,174
222149,17.52
222152,24.75
222153,24
222158,73.5
222158,13
222158,5
222159,4
222161,42
222161,37
222164,66
222167,227.05
222168,227.09
222169,6.5
222171,110.5
222173,3.95
222175,22.5
222179,8.25
222180,120
222180,360
222183,82.5
222184,77
222184,227
222185,34.75
222186,120
222186,360
222187,6.75
222189,7.75
222189,8
222190,16.02
222190,231.78
222193,9
222195,4.25
222201,398.5
222202,131.23
222203,38.5
222203,5
222203,128
222204,16.95
222215,7.5
222216,25
222220,10.25
222222,10
222223,37.25
222224,249.75
222225,40
222226,31.5
222227,10.4
222232,84
222232,24.5
222234,139.5
222234,11.75
222237,345
222238,276.75
222242,1.75
222242,28.5
222242,39
222244,34.5
222245,15
222246,35
222247,348.2
222248,42.5
222249,7.5
222250,6.5
222251,391
222252,15
222253,4
222256,365
222260,9
222263,50.07
222266,10.82
222266,67.28
222270,354.25
222271,1.75
222272,402.25
222273,8
222278,9.22
222279,6.05
222279,77.62
222285,369.06
222286,368
222287,13.73
222287,24.18
222289,5.75
222290,4.75
222293,136
222294,75.4
222294,119.25
222298,307.25
222306,7.51
222319,90
222319,279.9
222328,3.88
222331,107.9
222334,130.61
222335,136
222342,2.5
222345,319
222348,38
222348,82.5
222354,45
222354,14.88
222356,14.5
222356,6.6
222356,16
222357,12.9
222357,8
222359,54.8
222360,81.84
222361,56.43
222365,23
222384,50.25
222385,101.75
222385,24
222392,56.75
222403,154.75
222405,114.25
222406,270.25
222406,39.25
222411,37
222411,82.25
222412,33.25
222412,61.75
222413,109.75
222415,22.5
222417,56.25
222418,299.75
222419,80.25
222421,41.08
222422,44.01
222424,24.25
222424,23
222424,17.25
222424,105.25
222424,100
222425,307.97
222426,40
222428,9
222429,152
222430,94
222436,32
222437,138.79
222438,44.75
222442,106
222442,64
222442,53.61
222446,144.75
222451,16
222458,321.28
222461,15.5
222466,64
222466,400
222470,337.92
222477,8
222478,16
222479,23.5
222480,13.25
222480,9
222481,47.57
222481,47.65
222484,10
222492,16.75
222495,348.15
222498,22.75
222501,2.25
222505,110.25
222514,39.25
222517,15
222520,4
222521,4
222522,308
222524,352.75
222529,242
222531,280
222539,32
222546,269.9
222554,72
222558,39.25
222558,71.5
222559,222.25
222563,164.25
222565,32.24
222566,61.4
222566,17.43
222573,326.2
222575,7.5
222576,68.8
222580,8.5
222581,33.07
222584,40
222584,40
222585,20
222588,40
222604,9
222604,14.57
222605,15.83
222608,57.9
222608,11.5
222613,266.5
222618,330.82
222619,16.5
222620,0.25
222621,0.25
222624,16.25
222626,2
222630,37
222631,37.25
222636,146.04
222639,190.25
222642,426.5
222643,21.3
222644,260.1
222647,41.13
222647,32.45
222648,224.5
222656,16
222657,2.25
222657,7.75
222657,9
222658,30
222658,245.75
222662,30
222662,245.82
222663,5.58
222674,36.7
222676,331.92
222679,19
222679,30
222683,4.5
222683,57.75
222684,5.75
222684,1.5
222687,7.5
222687,15.5
222689,7.5
222689,15.4
222694,48.75
222695,68
222698,6.5
222700,315.5
222701,29.7
222710,82.33
222716,82
222719,205.34
222722,13.81
222731,40
222731,19.3
222737,103.62
222750,16
222750,219
222751,16
222751,219
222753,11
222755,275.58
222757,34.2
222758,121.93
222767,3.55
222768,18.57
222769,7.7
222772,4.98
222773,235.25
222773,37
222775,277.5
222777,66.75
222777,107.89
222780,202
222781,2.25
222783,31.1
222784,23.25
222785,23.25
222787,35.3
222794,33.7
222796,40
222798,10.5
222798,94.25
222799,437.5
222801,18.37
222810,48
222812,67.2
222815,5.5
222816,5.52
222819,100.83
222824,20
222825,73.5
222826,20.5
222827,87.5
222828,33.25
222830,268.65
222831,17
222841,272.6
222844,402.25
222850,285.1
222853,79.75
222854,408
222856,30.75
222863,197.45
222864,286.91
222871,4
222871,40
222871,18.75
222872,293.7
222873,20
222873,126.92
222876,4
222876,301
222883,39
222883,30
222884,293
222885,67.5
222885,39.3
222887,78
222887,230.5
222889,29.5
222892,21.48
222896,41.5
222897,2.1
222901,7.75
222901,20
222903,0
222905,14.25
222908,30.98
222909,131.6
222916,3
222938,300.84
222940,427.5
222942,34
222942,182.75
222943,304
222946,10.98
222949,170.25
222949,64.75
222951,48.75
222961,275.39
222962,62
222964,8
222965,12.25
222966,201.25
222966,38.5
222966,39.5
222969,117
222969,24
222970,133.25
222970,16
222971,12.75
222971,8
222972,114.25
222976,34.88
222978,86
222979,84.2
222980,16.85
222981,27.48
222981,30
222982,16.51
222986,140.55
222988,24
222993,26.16
222998,136.33
222999,123.97
223001,119
223001,20
223003,221.78
223004,30.67
223006,28.25
223007,120
223007,71.5
223008,28.25
223013,90.5
223015,16
223017,29.16
223017,247.55
223019,8.5
223020,280
223025,54
223025,39.25
223026,276
223030,8.7
223031,24
223032,52.66
223032,15.5
223034,316.75
223039,134.55
223041,12.25
223047,139.4
223053,6.5
223057,150.5
223059,176
223068,63.5
223071,19.58
223072,182
223072,16
223072,81.25
223073,152.8
223076,19.5
223080,10.54
223082,2.75
223089,136
223091,16.27
223091,219.47
223093,169.56
223093,8.08
223094,260.2
223096,22
223101,7.5
223102,4.75
223103,7
223104,22.5
223105,22
223108,30.39
223115,71.53
223117,49.5
223118,217.63
223121,32.5
223125,59.5
223126,6.5
223126,31
223132,4
223133,202.5
223136,281
223137,8
223137,130
223137,141.45
223138,290.75
223140,46
223145,152.83
223146,24
223148,27
223149,42.5
223151,114.5
223154,163
223158,40
223159,248
223165,16.56
223165,67.43
223165,35.1
223166,16.54
223167,49.25
223169,39.03
223169,15.9
223177,10.9
223178,10.9
223179,7.5
223182,62.5
223186,160.42
223188,286.96
223190,90.25
223193,345
223195,37.15
223196,118.53
223196,58.83
223198,12.75
223205,233.75
223210,247.5
223211,230.5
223212,374.86
223216,61
223217,119.75
223220,204.5
223221,218.25
223222,242.5
223223,266.75
223226,12.78
223226,13.75
223228,16
223228,17.75
223231,85.95
223233,193.5
223234,34.25
223238,24.25
223239,12.9
223240,12.88
223242,224
223248,19.45
223252,38
223255,57.43
223263,19
223264,24
223265,54
223268,86
223268,125
223271,149.61
223276,4
223278,189.5
223281,5
223282,201.75
223283,30.87
223284,30.8
223285,30.79
223288,31.62
223289,53.15
223290,40
223290,232
223291,24
223292,7.5
223293,122.75
223294,154.25
223295,121.1
223302,2.1
223304,5.94
223305,12.64
223306,226.71
223307,206.08
223308,24.31
223310,32.32
223311,12.37
223314,124
223320,6.18
223324,79.95
223332,109.26
223333,6.5
223333,273.5
223335,111.02
223338,5
223342,40
223342,25.12
223344,240
223345,57.44
223345,173.37
223347,48.75
223348,7.5
223350,86.75
223355,226.46
223356,225.01
223358,3.23
223361,26.88
223362,8
223364,233.75
223365,198.3
223366,258.16
223367,152.34
223368,259.14
223369,2
223370,2
223371,106.25
223372,2
223373,101.19
223384,98.75
223387,5
223389,24.21
223395,7.5
223397,285.08
223401,264.25
223402,11.43
223404,0
223404,247.58
223406,1.5
223406,161
223413,72.25
223413,37.5
223421,17.93
223423,364.5
223425,142
223426,298.19
223436,70.25
223441,72
223444,60.45
223446,320
223449,204
223452,15.9
223455,141
223460,276.89
223461,299.5
223463,72.7
223464,8
223465,66.28
223465,154.47
223466,2
223467,7.9
223480,136
223481,19.5
223483,71.5
223485,190.75
223486,188.75
223494,214
223498,7.73
223501,0
223501,161.46
223502,48
223507,73
223516,105.99
223519,22.5
223521,7.5
223524,38.5
223526,112.5
223528,30
223528,14.5
223528,197.25
223535,15.25
223538,5
223540,172.55
223541,18.25
223544,6
223546,76.5
223548,15.5
223550,16
223557,251.25
223565,22.5
223567,94
223568,93.25
223568,33
223568,4.8
223571,8.25
223572,20
223573,0
223576,11
223580,44
223581,56
223588,9
223589,243.75
223601,39
223604,166.3
223606,23.5
223616,8
223620,123.2
223628,142
223631,15
223632,7.48
223633,104.5
223634,168.96
223635,302.5
223636,0
223636,0
223637,115.75
223640,64
223640,121.25
223640,32
223646,10
223646,65
223649,235.75
223653,272.12
223655,297.25
223660,3.67
223663,5.5
223663,56
223665,9
223666,115.35
223667,208.49
223669,264.75
223670,4.75
223670,4
223672,167.25
223674,230.3
223676,77.24
223678,241.75
223682,16.25
223682,17.79
223683,267.5
223686,104.84
223687,8
223688,14.98
223689,8
223690,4
223692,7
223692,114
223692,19
223697,5
223698,10
223699,142.27
223700,10
223702,5
223703,171.89
223706,5
223706,18
223709,3
223711,103.25
223711,64
223712,3.25
223712,216
223713,32
223713,195.58
223714,167.3
223722,19.5
223731,209
223737,28.53
223737,67.96
223740,137
223741,200.37
223744,203.58
223747,171
223748,60.5
223750,49.12
223751,16.1
223753,7.5
223753,59.5
223754,99.75
223756,32.9
223757,2
223763,62.13
223764,2
223767,7.83
223768,98.59
223770,23.75
223773,42.72
223779,209
223781,103
223781,10
223781,28.25
223788,54.5
223793,3
223793,89.5
223794,61
223795,159
223796,126.75
223797,7.5
223797,71.5
223798,28.5
223799,7.5
223800,15
223807,232.49
223808,2.5
223809,7.5
223811,253.17
223813,154.65
223815,131.27
223821,8
223823,18.25
223823,11.25
223825,8.25
223835,18.5
223836,19.25
223838,39
223839,71.59
223840,66.84
223841,19.25
223842,6.75
223848,195.25
223851,22.5
223852,24.75
223853,51.25
223855,210.25
223857,3
223857,75.5
223857,32
223858,203
223859,3
223859,98
223860,3
223860,100.5
223860,76
223861,167
223872,55.2
223874,15
223877,51.25
223879,65.25
223881,40
223882,74.25
223894,38.75
223896,25
223897,4.5
223897,51.5
223901,8
223902,9.5
223902,32
223906,30
223908,49
223911,23.75
223914,92.5
223916,99.75
223917,120
223918,19
223919,15
223920,7.5
223922,112
223923,11
223924,97.25
223925,20.25
223926,11
223929,7.5
223933,168
223936,90
223937,80.45
223937,72.52
223938,6
223938,30
223947,79.9
223949,72.5
223949,21
223951,4
223951,11
223952,55
223952,20.5
223953,43.6
223957,157.84
223958,23.03
223959,198
223963,2.36
223964,8
223964,80.75
223965,8
223965,80.75
223968,21.55
223970,87
223974,120.45
223982,42.75
223983,155.51
223984,9.79
223985,7.83
223986,112
223988,15
223989,15
223989,11.5
223990,8
223992,7.5
223994,10
223994,31.75
223995,45
223998,15
224000,7.5
224010,86.76
224011,165.57
224012,10.25
224013,81.58
224019,17.75
224020,32.46
224022,40
224022,154.75
224027,32.41
224029,163.5
224038,7
224041,32
224042,34
224043,127.86
224046,95
224046,34
224061,42
224063,58.8
224064,44.3
224067,141.2
224071,64
224073,79.09
224075,157.5
224080,175.5
224083,160
224091,38
224092,123.5
224094,40
224101,59.91
224101,9.22
224117,20.47
224118,7.5
224119,180
224120,35.15
224121,43.24
224122,18
224123,32.1
224125,28.02
224126,266.5
224131,32.69
224134,40.78
224138,183.2
224140,38
224143,112
224149,8.07
224155,133.04
224161,27.5
224170,7
224171,33
224176,137
224177,189.23
224182,192
224185,167.78
224188,147.2
224189,176
224190,77.25
224190,1
224191,128
224194,80
224195,10.25
224196,25.25
224198,24.55
224201,38.25
224201,38.75
224202,27.95
224205,54.92
224211,5.48
224212,157.5
224215,35.13
224217,27.57
224217,67.96
224218,13.5
224218,42.5
224220,37.6
224221,15
224221,112.5
224223,8
224227,96.25
224228,135.5
224230,137.75
224237,39
224238,35.8
224239,116
224240,14.95
224242,40.5
224243,191.85
224245,28
224247,45
224251,54
224254,79.85
224257,12.3
224258,16
224262,14.48
224263,217.75
224267,161.49
224270,18
224271,98.7
224273,8.5
224275,201.67
224276,27.75
224276,108.5
224284,15.53
224285,4.25
224288,164.25
224291,15.57
224292,15.79
224296,61.5
224297,34.25
224297,81.75
224302,108
224305,83.73
224307,148.7
224310,20.75
224311,51
224314,117.25
224317,57.5
224329,28
224330,7.5
224331,24
224334,124.4
224335,166.25
224336,15
224346,16
224347,1
224348,30
224349,10
224351,77.75
224351,7
224352,32
224353,160
224355,161.5
224356,4.2
224357,4.2
224358,46.22
224359,80
224359,80
224365,139
224371,106.5
224372,40
224372,80
224375,82.06
224381,104
224382,7
224382,150.5
224384,21.75
224391,38.75
224406,5.25
224408,11.75
224413,138.75
224414,11.5
224414,18.5
224419,31.3
224425,8.25
224430,7.93
224436,57
224437,142.98
224440,8
224441,8
224444,32.5
224444,59.25
224447,6.5
224449,172.2
224453,24.5
224455,8
224459,148.7
224482,9
224492,44.96
224497,19.5
224497,74.25
224497,40
224498,153.38
224503,81
224505,15
224508,2
224517,144
224518,144
224522,36
224523,30
224523,15.72
224524,7.52
224526,102.25
224530,8
224540,8
224540,70.75
224542,31.75
224542,1
224542,38.25
224542,69
224542,0.25
224543,4
224544,20
224545,109
224546,139.3
224552,103.75
224554,177.5
224555,174
224556,121.5
224562,28
224566,175.75
224567,175
224571,18.53
224572,153.5
224579,60
224580,33.5
224580,62
224584,61.84
224586,87.97
224591,141.54
224595,50.5
224596,10
224600,50.5
224608,115
224611,67.5
224612,124.25
224614,112
224616,135.5
224619,8
224628,12.6
224629,20.5
224631,136
224638,1
224638,4
224642,81
224644,3
224644,22
224645,3
224645,184
224646,38
224655,67.25
224657,36
224663,40.25
224664,60.5
224666,7.5
224668,119
224669,99.5
224679,172.5
224683,130.5
224687,72
224691,24.25
224692,80
224706,91.7
224707,79.25
224718,238.5
224722,121.25
224724,112.75
224727,24
224732,7.5
224734,120
224736,1
224738,24
224740,21.13
224741,18.63
224741,109
224745,32.25
224745,48.75
224747,34.25
224752,95.6
224754,52.5
224759,66.2
224763,13.75
224764,76.75
224765,7.25
224767,16
224767,7.25
224771,113
224772,82.5
224774,15
224775,35
224790,24.75
224792,63.32
224811,83.53
224816,61.75
224826,37.5
224828,95
224829,95
224832,98.78
224846,40
224850,8
224850,56
224851,142.5
224852,37.25
224853,7.5
224854,45
224856,7.5
224858,59
224862,52.47
224864,29.1
224865,64.4
224866,15.5
224869,60.77
224871,32.25
224881,66.42
224882,66
224883,96
224884,65.5
224887,71.5
224888,116
224889,54
224890,17.5
224894,144
224896,39.5
224897,102
224898,108
224899,115.5
224900,2.25
224900,40
224901,2
224901,16.5
224902,6.25
224903,66
224906,7
224911,81.5
224913,44.11
224928,26.5
224931,8.05
224934,80.5
224938,61.99
224943,32
224943,40
224946,90
224947,3
224948,3
224949,32
224952,4.25
224968,4
224970,88.7
224972,5.5
224973,81.5
224974,7.5
224975,56
224978,72
224980,64.63
224981,136
224987,61
224989,51.25
224991,44
224993,10.63
224993,8.25
224994,64
224995,38.25
224997,45.75
225007,3.67
225011,36.75
225014,57.04
225016,6.5
225023,3.75
225024,22.25
225027,5.5
225032,46
225033,52.75
225036,60
225037,19.47
225040,64
225042,22.5
225046,29.75
225049,38
225051,49.75
225052,56.5
225055,25.25
225057,1
225084,46.25
225091,8
225092,56.25
225093,18.24
225104,67.33
225111,78.75
225112,22.25
225113,22.25
225122,0.5
225127,70.5
225141,16
225142,16
225143,16
225149,5.25
225151,72
225154,35
225157,43
225163,20
225165,8
225173,61
225176,101
225186,72
225189,32.25
225190,68
225196,3.5
225196,1.5
225196,0
225196,0
225196,6
225196,3.75
225206,120
225207,120
225208,120
225212,8
225213,55.75
225226,8.5
225227,9.5
225229,16.25
225229,40
225235,74.25
225244,29.15
225249,0.5
225250,29.52
225252,56.07
225261,16.5
225262,27
225263,54
225264,8
225265,8
225274,45
225278,48
225295,17.5
225297,17.5
225313,28.75
225317,32
225323,8
225326,42.19
225341,8
